genome_id	true_completeness	true_contamination	dominant_accession	dominant_phylum	sample_type	n_contigs	total_length	target_contamination
genome_0	100.0	0.0	RS_GCF_029767905.1	Pseudomonadota	set_b_cont0	3	4104895	0.0
genome_1	100.0	0.0	RS_GCF_000499665.2	Pseudomonadota	set_b_cont0	1	1353450	0.0
genome_10	100.0	0.0	RS_GCF_963853645.1	Actinomycetota	set_b_cont0	3	6635210	0.0
genome_100	100.0	0.0	RS_GCF_033783015.1	Actinomycetota	set_b_cont0	2	2404817	0.0
genome_101	100.0	0.0	RS_GCF_003112125.1	Pseudomonadota	set_b_cont0	6	5945388	0.0
genome_102	100.0	0.0	RS_GCF_963920465.1	Cyanobacteriota	set_b_cont0	1	2816659	0.0
genome_103	100.0	0.0	RS_GCF_003590645.1	Pseudomonadota	set_b_cont0	1	4837821	0.0
genome_104	100.0	0.0	RS_GCF_001618305.1	Bacillota	set_b_cont0	3	2793465	0.0
genome_105	100.0	0.0	RS_GCF_013800985.1	Pseudomonadota	set_b_cont0	4	4719138	0.0
genome_106	100.0	0.0	RS_GCF_020388865.1	Bacillota	set_b_cont0	2	2873258	0.0
genome_107	100.0	0.0	RS_GCF_016904275.1	Pseudomonadota	set_b_cont0	6	5758155	0.0
genome_108	100.0	0.0	GB_GCA_013394345.1	Bacillota	set_b_cont0	2	3685082	0.0
genome_109	100.0	0.0	RS_GCF_003433315.1	Bacteroidota	set_b_cont0	1	2699630	0.0
genome_11	100.0	0.0	RS_GCF_017570425.1	Verrucomicrobiota	set_b_cont0	1	2844059	0.0
genome_110	100.0	0.0	RS_GCF_025232515.1	Campylobacterota	set_b_cont0	1	1673913	0.0
genome_111	100.0	0.0	RS_GCF_036250655.1	Spirochaetota	set_b_cont0	4	3459320	0.0
genome_112	100.0	0.0	RS_GCF_024917315.1	Pseudomonadota	set_b_cont0	2	4764181	0.0
genome_113	100.0	0.0	RS_GCF_004358445.1	Pseudomonadota	set_b_cont0	1	4222191	0.0
genome_114	100.0	0.0	RS_GCF_900096795.1	Pseudomonadota	set_b_cont0	1	4638126	0.0
genome_115	100.0	0.0	RS_GCF_028994155.1	Bacillota	set_b_cont0	4	4845046	0.0
genome_116	100.0	0.0	RS_GCF_036772935.1	Bacillota	set_b_cont0	7	3124483	0.0
genome_117	100.0	0.0	RS_GCF_000317045.1	Cyanobacteriota	set_b_cont0	1	4681111	0.0
genome_118	100.0	0.0	RS_GCF_008620175.1	Bacillota	set_b_cont0	2	2897282	0.0
genome_119	100.0	0.0	RS_GCF_036178565.1	Actinomycetota	set_b_cont0	2	9157283	0.0
genome_12	100.0	0.0	RS_GCF_002762115.1	Pseudomonadota	set_b_cont0	1	4000452	0.0
genome_120	100.0	0.0	RS_GCF_025148285.1	Bacillota	set_b_cont0	1	4577574	0.0
genome_121	100.0	0.0	RS_GCF_009650115.1	Bacillota	set_b_cont0	1	986067	0.0
genome_122	100.0	0.0	RS_GCF_002777035.1	Chlamydiota	set_b_cont0	1	1048696	0.0
genome_123	100.0	0.0	RS_GCF_040358985.1	Acidobacteriota	set_b_cont0	3	5030291	0.0
genome_124	100.0	0.0	RS_GCF_018798905.1	Pseudomonadota	set_b_cont0	4	2218399	0.0
genome_125	100.0	0.0	RS_GCF_018808925.1	Pseudomonadota	set_b_cont0	3	4308668	0.0
genome_126	100.0	0.0	RS_GCF_009938095.1	Bacteroidota	set_b_cont0	1	4249586	0.0
genome_127	100.0	0.0	RS_GCF_001578105.1	Pseudomonadota	set_b_cont0	3	5036008	0.0
genome_128	100.0	0.0	RS_GCF_012889735.1	Campylobacterota	set_b_cont0	1	1653603	0.0
genome_129	100.0	0.0	RS_GCF_032921125.1	Bacillota	set_b_cont0	5	3287574	0.0
genome_13	100.0	0.0	GB_GCA_014844835.1	Pseudomonadota	set_b_cont0	1	2148016	0.0
genome_130	100.0	0.0	RS_GCF_001524445.2	Pseudomonadota	set_b_cont0	3	7427555	0.0
genome_131	100.0	0.0	RS_GCF_038086915.1	Pseudomonadota	set_b_cont0	5	4726617	0.0
genome_132	100.0	0.0	RS_GCF_000600005.1	Pseudomonadota	set_b_cont0	1	2527978	0.0
genome_133	100.0	0.0	RS_GCF_002999135.1	Bacteroidota	set_b_cont0	2	2990835	0.0
genome_134	100.0	0.0	RS_GCF_022226975.1	Bacillota	set_b_cont0	1	2700946	0.0
genome_135	100.0	0.0	RS_GCF_000827065.1	Bacillota	set_b_cont0	1	4195102	0.0
genome_136	100.0	0.0	RS_GCF_022024155.1	Bacteroidota	set_b_cont0	1	3559363	0.0
genome_137	100.0	0.0	GB_GCA_030316505.1	Pseudomonadota	set_b_cont0	2	4746531	0.0
genome_138	100.0	0.0	RS_GCF_023650835.1	Pseudomonadota	set_b_cont0	5	5768967	0.0
genome_139	100.0	0.0	RS_GCF_038096205.1	Bacillota	set_b_cont0	4	2951492	0.0
genome_14	100.0	0.0	RS_GCF_029011415.1	Bacillota	set_b_cont0	5	2457448	0.0
genome_140	100.0	0.0	RS_GCF_030121995.1	Pseudomonadota	set_b_cont0	4	6720609	0.0
genome_141	100.0	0.0	RS_GCF_003019675.1	Fusobacteriota	set_b_cont0	1	3537675	0.0
genome_142	100.0	0.0	RS_GCF_000025885.1	Synergistota	set_b_cont0	1	1980592	0.0
genome_143	100.0	0.0	RS_GCF_009762745.1	Bacillota	set_b_cont0	2	3332776	0.0
genome_144	100.0	0.0	RS_GCF_964205045.1	Actinomycetota	set_b_cont0	3	5198611	0.0
genome_145	100.0	0.0	RS_GCF_012275165.1	Bacillota	set_b_cont0	2	3905529	0.0
genome_146	100.0	0.0	RS_GCF_031623015.1	Campylobacterota	set_b_cont0	4	1733514	0.0
genome_147	100.0	0.0	RS_GCF_001456295.2	Pseudomonadota	set_b_cont0	2	2705820	0.0
genome_148	100.0	0.0	GB_GCA_031954205.1	Campylobacterota	set_b_cont0	2	2231032	0.0
genome_149	100.0	0.0	RS_GCF_000187935.1	Bacillota	set_b_cont0	1	2164480	0.0
genome_15	100.0	0.0	RS_GCF_004194635.3	Pseudomonadota	set_b_cont0	2	4856714	0.0
genome_150	100.0	0.0	RS_GCF_020097755.1	Bacillota	set_b_cont0	2	2809575	0.0
genome_151	100.0	0.0	RS_GCF_033128585.1	Campylobacterota	set_b_cont0	2	1777664	0.0
genome_152	100.0	0.0	RS_GCF_019047925.1	Pseudomonadota	set_b_cont0	1	5192689	0.0
genome_153	100.0	0.0	RS_GCF_028743715.1	Actinomycetota	set_b_cont0	1	3305635	0.0
genome_154	100.0	0.0	RS_GCF_041861015.1	Pseudomonadota	set_b_cont0	3	5448505	0.0
genome_155	100.0	0.0	RS_GCF_036232405.1	Pseudomonadota	set_b_cont0	1	6951289	0.0
genome_156	100.0	0.0	RS_GCF_018292125.1	Bacteroidota	set_b_cont0	3	7271073	0.0
genome_157	100.0	0.0	RS_GCF_037797495.1	Pseudomonadota	set_b_cont0	1	4726044	0.0
genome_158	100.0	0.0	RS_GCF_002813675.1	Methanobacteriota	set_b_cont0	1	2524329	0.0
genome_159	100.0	0.0	RS_GCF_031221745.1	Pseudomonadota	set_b_cont0	1	6757553	0.0
genome_16	100.0	0.0	RS_GCF_002005425.1	Bacteroidota	set_b_cont0	1	3254403	0.0
genome_160	100.0	0.0	RS_GCF_014701115.1	Actinomycetota	set_b_cont0	1	9428393	0.0
genome_161	100.0	0.0	RS_GCF_021432125.1	Pseudomonadota	set_b_cont0	4	5713854	0.0
genome_162	100.0	0.0	RS_GCF_013743755.1	Pseudomonadota	set_b_cont0	4	4808935	0.0
genome_163	100.0	0.0	GB_GCA_964204605.1	Bacteroidota_A	set_b_cont0	1	2493868	0.0
genome_164	100.0	0.0	RS_GCF_007748155.1	Planctomycetota	set_b_cont0	1	7828706	0.0
genome_165	100.0	0.0	GB_GCA_039636865.1	Actinomycetota	set_b_cont0	3	3792347	0.0
genome_166	100.0	0.0	RS_GCF_016117655.1	Spirochaetota	set_b_cont0	1	2738066	0.0
genome_167	100.0	0.0	RS_GCF_001997295.1	Actinomycetota	set_b_cont0	1	3222890	0.0
genome_168	100.0	0.0	RS_GCF_031326285.1	Pseudomonadota	set_b_cont0	4	5742704	0.0
genome_169	100.0	0.0	RS_GCF_014279635.1	Cyanobacteriota	set_b_cont0	1	2481217	0.0
genome_17	100.0	0.0	RS_GCF_000973485.1	Bacillota	set_b_cont0	1	3903017	0.0
genome_170	100.0	0.0	RS_GCF_003265005.1	Actinomycetota	set_b_cont0	1	4418559	0.0
genome_171	100.0	0.0	RS_GCF_032926325.1	Bacteroidota	set_b_cont0	1	3782725	0.0
genome_172	100.0	0.0	GB_GCA_963678775.1	Bacteroidota_A	set_b_cont0	10	3715375	0.0
genome_173	100.0	0.0	GB_GCA_030572375.1	Actinomycetota	set_b_cont0	1	4409070	0.0
genome_174	100.0	0.0	GB_GCA_002078455.2	Bacillota	set_b_cont0	4	2392504	0.0
genome_175	100.0	0.0	RS_GCF_027626975.1	Actinomycetota	set_b_cont0	2	9534571	0.0
genome_176	100.0	0.0	RS_GCF_900120245.1	Actinomycetota	set_b_cont0	1	1892549	0.0
genome_177	100.0	0.0	RS_GCF_016615815.1	Pseudomonadota	set_b_cont0	1	3020716	0.0
genome_178	100.0	0.0	RS_GCF_003798185.1	Bacillota	set_b_cont0	1	2789499	0.0
genome_179	100.0	0.0	RS_GCF_014304755.1	Bacillota	set_b_cont0	1	2925387	0.0
genome_18	100.0	0.0	RS_GCF_022221225.1	Bacillota	set_b_cont0	3	5505497	0.0
genome_180	100.0	0.0	RS_GCF_004136215.1	Actinomycetota	set_b_cont0	1	2560634	0.0
genome_181	100.0	0.0	RS_GCF_014884745.1	Pseudomonadota	set_b_cont0	2	5430180	0.0
genome_182	100.0	0.0	RS_GCF_023735195.1	Pseudomonadota	set_b_cont0	3	5140930	0.0
genome_183	100.0	0.0	RS_GCF_000210855.2	Pseudomonadota	set_b_cont0	4	5067450	0.0
genome_184	100.0	0.0	RS_GCF_030534135.1	Bacillota	set_b_cont0	1	2895398	0.0
genome_185	100.0	0.0	RS_GCF_009936255.1	Bacteroidota_A	set_b_cont0	1	3440105	0.0
genome_186	100.0	0.0	RS_GCF_005083105.1	Pseudomonadota	set_b_cont0	3	642180	0.0
genome_187	100.0	0.0	RS_GCF_014899825.1	Actinomycetota	set_b_cont0	1	4401396	0.0
genome_188	100.0	0.0	RS_GCF_000400935.1	Bacillota	set_b_cont0	1	1123322	0.0
genome_189	100.0	0.0	RS_GCF_014236815.1	Pseudomonadota	set_b_cont0	1	5233349	0.0
genome_19	100.0	0.0	RS_GCF_946903285.1	Bacteroidota	set_b_cont0	1	5554530	0.0
genome_190	100.0	0.0	RS_GCF_023158855.1	Pseudomonadota	set_b_cont0	2	5129818	0.0
genome_191	100.0	0.0	RS_GCF_035972075.1	Pseudomonadota	set_b_cont0	1	4024250	0.0
genome_192	100.0	0.0	RS_GCF_001650215.1	Actinomycetota	set_b_cont0	1	11142275	0.0
genome_193	100.0	0.0	RS_GCF_036866155.1	Pseudomonadota	set_b_cont0	2	4656322	0.0
genome_194	100.0	0.0	RS_GCF_001767255.1	Actinomycetota	set_b_cont0	1	2365449	0.0
genome_195	100.0	0.0	RS_GCF_038024175.1	Bacillota	set_b_cont0	3	6050948	0.0
genome_196	100.0	0.0	RS_GCF_019263805.1	Bacteroidota	set_b_cont0	1	4078668	0.0
genome_197	100.0	0.0	RS_GCF_004117015.1	Actinomycetota	set_b_cont0	1	2553002	0.0
genome_198	100.0	0.0	RS_GCF_029581075.1	Pseudomonadota	set_b_cont0	1	1667812	0.0
genome_199	100.0	0.0	RS_GCF_022493655.1	Pseudomonadota	set_b_cont0	1	4909725	0.0
genome_2	100.0	0.0	RS_GCF_002741805.2	Spirochaetota	set_b_cont0	18	1464580	0.0
genome_20	100.0	0.0	RS_GCF_015277975.1	Pseudomonadota	set_b_cont0	2	5471203	0.0
genome_200	100.0	19.9999757568705	RS_GCF_029338415.1	Actinomycetota	set_b_cont20	124	2969913	20.0
genome_201	100.0	20.0	RS_GCF_041861015.1	Pseudomonadota	set_b_cont20	13	6538206	20.0
genome_202	100.0	20.0	RS_GCF_900105785.1	Actinomycetota	set_b_cont20	116	5286342	20.0
genome_203	100.0	19.999992507121046	RS_GCF_023169625.1	Pseudomonadota	set_b_cont20	194	6406082	20.0
genome_204	100.0	19.999986164038468	RS_GCF_001277295.1	Cyanobacteriota	set_b_cont20	17	6938440	20.0
genome_205	100.0	18.402651812910097	RS_GCF_039719025.1	Pseudomonadota	set_b_cont20	20	6377406	20.0
genome_206	100.0	19.999997427846594	RS_GCF_900091495.1	Actinomycetota	set_b_cont20	61	9330703	20.0
genome_207	100.0	20.0	RS_GCF_034258555.1	Pseudomonadota	set_b_cont20	15	4920954	20.0
genome_208	100.0	15.486529986092064	RS_GCF_015277815.1	Actinomycetota	set_b_cont20	3	4288001	20.0
genome_209	100.0	19.985537674536822	RS_GCF_001618305.1	Bacillota	set_b_cont20	50	3351754	20.0
genome_21	100.0	0.0	RS_GCF_002139975.1	Pseudomonadota	set_b_cont0	3	5501406	0.0
genome_210	100.0	19.999986741453707	RS_GCF_006459125.1	Campylobacterota	set_b_cont20	35	3620306	20.0
genome_211	100.0	20.0	RS_GCF_000015265.1	Actinomycetota	set_b_cont20	6	6352422	20.0
genome_212	100.0	19.999988704368473	GB_GCA_963693005.1	Pseudomonadota	set_b_cont20	82	2124715	20.0
genome_213	100.0	19.999945056794104	RS_GCF_964026995.1	Pseudomonadota	set_b_cont20	7	1747258	20.0
genome_214	100.0	19.999996484938578	RS_GCF_021654975.1	Bacillota	set_b_cont20	30	6827761	20.0
genome_215	100.0	19.99997005729163	RS_GCF_019175445.1	Bacillota	set_b_cont20	7	3206122	20.0
genome_216	100.0	20.0	RS_GCF_021166435.1	Pseudomonadota	set_b_cont20	25	6675690	20.0
genome_217	100.0	19.439893951590193	RS_GCF_014900595.1	Actinomycetota	set_b_cont20	2	5280888	20.0
genome_218	100.0	20.0	RS_GCF_963853645.1	Actinomycetota	set_b_cont20	19	7962252	20.0
genome_219	100.0	17.265835561565076	GB_GCA_000020165.1	Bacillota	set_b_cont20	8	4512353	20.0
genome_22	100.0	0.0	RS_GCF_032921865.1	Pseudomonadota	set_b_cont0	2	4733519	0.0
genome_220	100.0	19.99998901050193	RS_GCF_014171015.1	Pseudomonadota	set_b_cont20	33	6551709	20.0
genome_221	100.0	19.999995667095117	RS_GCF_019285675.1	Pseudomonadota	set_b_cont20	70	5539009	20.0
genome_222	100.0	19.999979435129273	RS_GCF_017498485.1	Bacteroidota	set_b_cont20	86	4668154	20.0
genome_223	100.0	19.999988277708127	RS_GCF_003589725.1	Bacillota	set_b_cont20	14	4094762	20.0
genome_224	100.0	20.0	RS_GCF_003073995.1	Pseudomonadota	set_b_cont20	18	5877414	20.0
genome_225	100.0	19.999985786682263	RS_GCF_002142675.1	Pseudomonadota	set_b_cont20	111	6754228	20.0
genome_226	100.0	19.999996441607852	RS_GCF_001022235.1	Pseudomonadota	set_b_cont20	14	6744619	20.0
genome_227	100.0	19.999965490129313	RS_GCF_002238335.1	Campylobacterota	set_b_cont20	3	2086359	20.0
genome_228	100.0	19.9999841756002	RS_GCF_037888985.1	Fusobacteriota	set_b_cont20	13	3033290	20.0
genome_229	100.0	20.0	RS_GCF_024732365.1	Pseudomonadota	set_b_cont20	66	5772534	20.0
genome_23	100.0	0.0	GB_GCA_007998145.1	Bacillota	set_b_cont0	2	2903323	0.0
genome_230	100.0	19.999981520140892	RS_GCF_020096995.1	Actinomycetota	set_b_cont20	2	3896133	20.0
genome_231	100.0	19.999983428632508	RS_GCF_037911875.1	Fusobacteriota	set_b_cont20	12	2896562	20.0
genome_232	100.0	19.999981546002125	RS_GCF_030123025.1	Bacillota	set_b_cont20	28	5202124	20.0
genome_233	100.0	20.0	RS_GCF_003665615.1	Pseudomonadota	set_b_cont20	80	6077970	20.0
genome_234	100.0	19.999989388617223	RS_GCF_002208115.1	Bdellovibrionota	set_b_cont20	4	4523444	20.0
genome_235	100.0	19.99998454628571	RS_GCF_014169755.1	Pseudomonadota	set_b_cont20	24	6212098	20.0
genome_236	100.0	20.0	RS_GCF_024347495.1	Pseudomonadota	set_b_cont20	4	6151986	20.0
genome_237	100.0	19.99999345247858	RS_GCF_019679435.2	Verrucomicrobiota	set_b_cont20	5	7331018	20.0
genome_238	100.0	19.99995943480514	RS_GCF_009650115.1	Bacillota	set_b_cont20	5	1183280	20.0
genome_239	100.0	19.999969038378477	GB_GCA_001560915.1	Thermoplasmatota	set_b_cont20	9	2325459	20.0
genome_24	100.0	0.0	RS_GCF_036820215.1	Pseudomonadota	set_b_cont0	4	4878960	0.0
genome_240	100.0	19.999995261529232	RS_GCF_013127315.1	Actinomycetota	set_b_cont20	206	5064925	20.0
genome_241	100.0	19.99999125424415	RS_GCF_009884275.1	Spirochaetota	set_b_cont20	212	5488376	20.0
genome_242	100.0	19.99996710633166	RS_GCF_014054525.1	Pseudomonadota	set_b_cont20	12	2918494	20.0
genome_243	100.0	19.999987047661154	RS_GCF_001900905.1	Pseudomonadota	set_b_cont20	20	5558841	20.0
genome_244	100.0	19.999996028523935	RS_GCF_037555585.1	Pseudomonadota	set_b_cont20	16	6043093	20.0
genome_245	100.0	19.99998271796321	RS_GCF_005577135.1	Cyanobacteriota	set_b_cont20	82	4166175	20.0
genome_246	100.0	20.0	RS_GCF_005577315.1	Bacillota	set_b_cont20	7	4822788	20.0
genome_247	100.0	19.999979992191953	RS_GCF_001558255.2	Pseudomonadota	set_b_cont20	8	4798126	20.0
genome_248	100.0	19.999992699260453	RS_GCF_036865205.1	Pseudomonadota	set_b_cont20	15	6574676	20.0
genome_249	100.0	19.99999504759386	RS_GCF_039993895.1	Acidobacteriota	set_b_cont20	5	4846129	20.0
genome_25	100.0	0.0	GB_GCA_009931275.1	Pseudomonadota	set_b_cont0	2	4394623	0.0
genome_250	100.0	19.99997982067644	RS_GCF_035621415.1	Bacillota	set_b_cont20	2	2378672	20.0
genome_251	100.0	19.99999673549388	GB_GCA_018295965.1	Cyanobacteriota	set_b_cont20	40	7351801	20.0
genome_252	100.0	19.999992133822555	RS_GCF_041860165.1	Pseudomonadota	set_b_cont20	7	6102074	20.0
genome_253	100.0	19.99999568791361	RS_GCF_900096795.1	Pseudomonadota	set_b_cont20	56	5565751	20.0
genome_254	100.0	19.999957856970774	RS_GCF_964028285.1	Pseudomonadota	set_b_cont20	15	1708467	20.0
genome_255	100.0	19.999923945624925	RS_GCF_000318565.1	Chlamydiota	set_b_cont20	4	1262254	20.0
genome_256	100.0	19.999992297415282	RS_GCF_002762135.3	Pseudomonadota	set_b_cont20	18	6231674	20.0
genome_257	100.0	19.999997218188984	RS_GCF_035917375.1	Actinomycetota	set_b_cont20	87	8627473	20.0
genome_258	100.0	19.999988089384406	GB_GCA_002079245.1	Pseudomonadota	set_b_cont20	92	6045027	20.0
genome_259	100.0	19.999977368294793	RS_GCF_009036385.1	Campylobacterota	set_b_cont20	5	2120918	20.0
genome_26	100.0	0.0	RS_GCF_009912715.1	Bacillota	set_b_cont0	1	2896381	0.0
genome_260	100.0	19.51640795109899	RS_GCF_003265005.1	Actinomycetota	set_b_cont20	26	5280903	20.0
genome_261	100.0	19.52193431814829	RS_GCF_022869865.1	Actinomycetota	set_b_cont20	29	4140241	20.0
genome_262	100.0	20.0	RS_GCF_037975365.1	Bacillota	set_b_cont20	2	4970736	20.0
genome_263	100.0	19.999995786396422	GB_GCA_030316505.1	Pseudomonadota	set_b_cont20	20	5695837	20.0
genome_264	100.0	20.0	RS_GCF_001703555.1	Bacillota	set_b_cont20	2	3199584	20.0
genome_265	100.0	19.99999068908239	GB_GCA_014844835.1	Pseudomonadota	set_b_cont20	5	2577619	20.0
genome_266	100.0	19.99998830367861	RS_GCF_023158855.1	Pseudomonadota	set_b_cont20	8	6155781	20.0
genome_267	100.0	19.999995706690544	RS_GCF_000222975.1	Pseudomonadota	set_b_cont20	4	5590093	20.0
genome_268	100.0	19.999979804018192	RS_GCF_000025885.1	Synergistota	set_b_cont20	14	2376710	20.0
genome_269	100.0	17.407145738972957	RS_GCF_003641245.1	Actinomycetota	set_b_cont20	2	3215588	20.0
genome_27	100.0	0.0	RS_GCF_025917765.1	Pseudomonadota	set_b_cont0	2	5487529	0.0
genome_270	100.0	19.999990881002322	RS_GCF_001895865.1	Actinomycetota	set_b_cont20	6	5263736	20.0
genome_271	100.0	19.99997730996815	RS_GCF_013341395.1	Bacillota	set_b_cont20	7	3173199	20.0
genome_272	100.0	19.999992116792868	RS_GCF_037231045.1	Pseudomonadota	set_b_cont20	140	6088892	20.0
genome_273	100.0	19.999989310258695	RS_GCF_014168815.1	Pseudomonadota	set_b_cont20	23	6735429	20.0
genome_274	100.0	19.99998639891572	RS_GCF_002886405.1	Actinomycetota	set_b_cont20	10	5293695	20.0
genome_275	100.0	19.99998894663861	RS_GCF_022811865.1	Bacillota	set_b_cont20	80	6513855	20.0
genome_276	100.0	19.999993457870403	RS_GCF_020618415.1	Pseudomonadota	set_b_cont20	34	7337060	20.0
genome_277	100.0	19.99999089335504	GB_GCA_022227015.1	Nitrospirota	set_b_cont20	9	5270876	20.0
genome_278	100.0	16.802862483007747	RS_GCF_026153295.1	Actinomycetota	set_b_cont20	12	4606365	20.0
genome_279	100.0	19.999981779797928	RS_GCF_004014855.1	Bacteroidota	set_b_cont20	5	3951657	20.0
genome_28	100.0	0.0	RS_GCF_900142975.1	Bacteroidota	set_b_cont0	1	4010099	0.0
genome_280	100.0	19.999959624793203	RS_GCF_016903355.1	Bacillota	set_b_cont20	35	2377696	20.0
genome_281	100.0	20.0	RS_GCF_014252235.1	Bacteroidota	set_b_cont20	13	774138	20.0
genome_282	100.0	9.838991577882537	RS_GCF_002763535.1	Bacteroidota	set_b_cont20	2	3051113	20.0
genome_283	100.0	19.999984284633573	RS_GCF_030388365.1	Pseudomonadota	set_b_cont20	6	6108670	20.0
genome_284	100.0	19.999991974594778	RS_GCF_015074805.1	Pseudomonadota	set_b_cont20	5	5981006	20.0
genome_285	100.0	19.999983656388647	RS_GCF_000183345.1	Pseudomonadota	set_b_cont20	11	5873854	20.0
genome_286	100.0	19.99999548563914	RS_GCF_900635765.1	Bacillota	set_b_cont20	66	5316367	20.0
genome_287	100.0	19.999970712373912	RS_GCF_040711995.2	Pseudomonadota	set_b_cont20	52	3277834	20.0
genome_288	100.0	19.999960067466017	RS_GCF_041073745.1	Bacillota	set_b_cont20	7	2404054	20.0
genome_289	100.0	19.999995077396857	RS_GCF_027558275.1	Pseudomonadota	set_b_cont20	28	4875469	20.0
genome_29	100.0	0.0	RS_GCF_027570475.1	Pseudomonadota	set_b_cont0	1	6832860	0.0
genome_290	100.0	19.9999792774603	RS_GCF_030534135.1	Bacillota	set_b_cont20	21	3474477	20.0
genome_291	100.0	18.874879647666315	RS_GCF_009763965.1	Pseudomonadota	set_b_cont20	18	5005291	20.0
genome_292	100.0	19.999985421489345	RS_GCF_025917765.1	Pseudomonadota	set_b_cont20	5	6585034	20.0
genome_293	100.0	20.0	RS_GCF_000212395.1	Thermodesulfobiota	set_b_cont20	7	2278638	20.0
genome_294	100.0	19.99994497548199	RS_GCF_019405145.1	Chlamydiota	set_b_cont20	10	1308507	20.0
genome_295	100.0	19.991318565122228	RS_GCF_002874965.1	Pseudomonadota	set_b_cont20	291	8268081	20.0
genome_296	100.0	19.99999156886906	RS_GCF_024330025.2	Pseudomonadota	set_b_cont20	30	5693186	20.0
genome_297	100.0	19.999989924286048	RS_GCF_000981545.1	Pseudomonadota	set_b_cont20	68	4763930	20.0
genome_298	100.0	19.999984542717552	RS_GCF_030144585.1	Pseudomonadota	set_b_cont20	25	6210664	20.0
genome_299	100.0	19.99998726166171	RS_GCF_025665355.1	Pseudomonadota	set_b_cont20	6	7536304	20.0
genome_3	100.0	0.0	RS_GCF_033441455.1	Pseudomonadota	set_b_cont0	6	5620273	0.0
genome_30	100.0	0.0	RS_GCF_024363365.1	Bacillota	set_b_cont0	2	2871346	0.0
genome_300	100.0	19.17659291805852	RS_GCF_018278985.1	Bacillota	set_b_cont20	16	2641865	20.0
genome_301	100.0	19.79793006145426	RS_GCF_000215745.1	Pseudomonadota	set_b_cont20	63	6325750	20.0
genome_302	100.0	19.999990310481248	GB_GCA_022409555.1	Pseudomonadota	set_b_cont20	90	4953806	20.0
genome_303	100.0	10.305174310228624	RS_GCF_041734105.1	Bacillota	set_b_cont20	6	3242168	20.0
genome_304	100.0	19.99999657272565	RS_GCF_000755785.1	Pseudomonadota	set_b_cont20	12	7002649	20.0
genome_305	100.0	19.999972091926402	GB_GCA_004153345.1	Bacillota	set_b_cont20	6	3439864	20.0
genome_306	100.0	19.999988002838528	RS_GCF_000224745.1	Bacteroidota_A	set_b_cont20	39	4000946	20.0
genome_307	100.0	19.99993836437543	RS_GCF_009617975.1	Nanohalarchaeota	set_b_cont20	10	1168155	20.0
genome_308	100.0	19.99998817802243	RS_GCF_000225265.1	Bacillota	set_b_cont20	39	6090351	20.0
genome_309	100.0	19.999958044759946	RS_GCF_009933595.1	Bacillota	set_b_cont20	5	2288152	20.0
genome_31	100.0	0.0	RS_GCF_021655515.1	Pseudomonadota	set_b_cont0	3	5646427	0.0
genome_310	100.0	15.849031545606456	RS_GCF_002355675.1	Actinomycetota	set_b_cont20	12	3820686	20.0
genome_311	100.0	19.99998883283177	RS_GCF_003410355.1	Bacillota	set_b_cont20	25	6447471	20.0
genome_312	100.0	13.201284351470164	RS_GCF_023921165.1	Bacteroidota	set_b_cont20	3	2777432	20.0
genome_313	100.0	19.99996879064531	RS_GCF_038500265.1	Pseudomonadota	set_b_cont20	24	3076000	20.0
genome_314	100.0	20.0	RS_GCF_035190385.1	Pseudomonadota	set_b_cont20	15	5993910	20.0
genome_315	100.0	19.999989634128802	RS_GCF_025490575.1	Bacillota	set_b_cont20	3	4630580	20.0
genome_316	100.0	19.99998273098282	RS_GCF_000734035.1	Halobacteriota	set_b_cont20	54	2779544	20.0
genome_317	100.0	20.0	RS_GCF_946404965.1	Pseudomonadota	set_b_cont20	10	6723432	20.0
genome_318	100.0	20.0	RS_GCF_027118995.1	Pseudomonadota	set_b_cont20	4	3127560	20.0
genome_319	100.0	19.999993225364843	RS_GCF_031326265.1	Pseudomonadota	set_b_cont20	127	7085252	20.0
genome_32	100.0	0.0	GB_GCA_963678375.1	Cloacimonadota	set_b_cont0	2	2969640	0.0
genome_320	100.0	13.587806899775137	RS_GCF_023330865.1	Pseudomonadota	set_b_cont20	5	5696466	20.0
genome_321	100.0	20.0	RS_GCF_023896075.1	Pseudomonadota	set_b_cont20	11	6993852	20.0
genome_322	100.0	20.0	RS_GCF_902387285.1	Thermoplasmatota	set_b_cont20	3	2000154	20.0
genome_323	100.0	19.999995785228744	RS_GCF_000280925.3	Myxococcota	set_b_cont20	5	11388518	20.0
genome_324	100.0	8.974647142126406	RS_GCF_022918835.1	Pseudomonadota	set_b_cont20	4	5890630	20.0
genome_325	100.0	14.464010118506323	RS_GCF_019802745.1	Bacteroidota	set_b_cont20	7	2946639	20.0
genome_326	100.0	19.759120351132708	RS_GCF_001700595.1	Pseudomonadota	set_b_cont20	87	6089786	20.0
genome_327	100.0	19.99999399905515	GB_GCA_000597885.1	Bacteroidota	set_b_cont20	37	7998740	20.0
genome_328	100.0	19.222164045402344	RS_GCF_002156705.1	Halobacteriota	set_b_cont20	12	4686082	20.0
genome_329	100.0	20.0	RS_GCF_006094335.1	Bacillota	set_b_cont20	5	5087046	20.0
genome_33	100.0	0.0	RS_GCF_002874965.1	Pseudomonadota	set_b_cont0	1	6890566	0.0
genome_330	100.0	18.466712459522387	RS_GCF_030533745.1	Bacillota	set_b_cont20	11	3320000	20.0
genome_331	100.0	12.338901533554424	RS_GCF_018138125.1	Bacillota	set_b_cont20	7	3403671	20.0
genome_332	100.0	19.999985540092894	RS_GCF_013614655.1	Pseudomonadota	set_b_cont20	46	6639046	20.0
genome_333	100.0	19.85392502456605	RS_GCF_019976755.1	Cyanobacteriota	set_b_cont20	57	9469836	20.0
genome_334	100.0	18.220994884154276	RS_GCF_024759765.1	Bacteroidota	set_b_cont20	13	7888647	20.0
genome_335	100.0	18.07375638371616	RS_GCF_041222695.1	Pseudomonadota	set_b_cont20	14	7010941	20.0
genome_336	100.0	19.99999259518702	RS_GCF_022226975.1	Bacillota	set_b_cont20	36	3241135	20.0
genome_337	100.0	19.99997120130861	RS_GCF_033096325.1	Bacillota	set_b_cont20	3	2500113	20.0
genome_338	100.0	19.999990220460166	GB_GCA_000200715.1	Thermoproteota	set_b_cont20	97	2454103	20.0
genome_339	100.0	18.166075973454486	RS_GCF_005080865.1	Pseudomonadota	set_b_cont20	10	745173	20.0
genome_34	100.0	0.0	RS_GCF_011038575.1	Bacillota	set_b_cont0	1	2449132	0.0
genome_340	100.0	19.77172164176019	RS_GCF_023330725.1	Pseudomonadota	set_b_cont20	7	6344568	20.0
genome_341	100.0	19.999992056881204	RS_GCF_030908425.1	Pseudomonadota	set_b_cont20	14	9064449	20.0
genome_342	100.0	19.999985153826767	RS_GCF_002935055.1	Pseudomonadota	set_b_cont20	23	6466312	20.0
genome_343	100.0	20.0	RS_GCF_007844035.1	Campylobacterota	set_b_cont20	3	1996224	20.0
genome_344	100.0	19.999996046669853	RS_GCF_000736435.1	Actinomycetota	set_b_cont20	145	12141662	20.0
genome_345	100.0	19.999987645367693	RS_GCF_001278015.1	Bacillota	set_b_cont20	5	3885182	20.0
genome_346	100.0	19.99998885780526	RS_GCF_002910725.2	Actinomycetota	set_b_cont20	14	8615896	20.0
genome_347	100.0	19.99999335203848	RS_GCF_030490165.1	Pseudomonadota	set_b_cont20	7	7220258	20.0
genome_348	100.0	19.999985353200252	RS_GCF_038129635.1	Pseudomonadota	set_b_cont20	128	3277166	20.0
genome_349	100.0	20.0	RS_GCF_022922655.1	Campylobacterota	set_b_cont20	6	1940454	20.0
genome_35	100.0	0.0	RS_GCF_013786205.1	Pseudomonadota	set_b_cont0	3	5222519	0.0
genome_350	100.0	19.999996192717774	RS_GCF_003181035.1	Pseudomonadota	set_b_cont20	68	6303709	20.0
genome_351	100.0	19.999982525135408	RS_GCF_036866445.1	Pseudomonadota	set_b_cont20	81	5493604	20.0
genome_352	100.0	17.8453858546947	RS_GCF_033128585.1	Campylobacterota	set_b_cont20	4	2094895	20.0
genome_353	100.0	18.652384166479177	RS_GCF_000010445.1	Bacillota	set_b_cont20	42	3417388	20.0
genome_354	100.0	19.99999120220156	RS_GCF_001548675.1	Methanobacteriota	set_b_cont20	28	2727955	20.0
genome_355	100.0	19.999978869374168	RS_GCF_024722315.1	Bacteroidota	set_b_cont20	14	4543168	20.0
genome_356	100.0	20.0	RS_GCF_000226275.2	Pseudomonadota	set_b_cont20	10	4826730	20.0
genome_357	100.0	19.999995665447067	RS_GCF_009296005.1	Pseudomonadota	set_b_cont20	9	5536903	20.0
genome_358	100.0	20.0	RS_GCF_028743715.1	Actinomycetota	set_b_cont20	3	3966762	20.0
genome_359	100.0	19.999982685421816	RS_GCF_019056535.1	Chlamydiota	set_b_cont20	11	1386115	20.0
genome_36	100.0	0.0	RS_GCF_004771435.1	Actinomycetota	set_b_cont0	1	2337519	0.0
genome_360	100.0	17.948961324553913	RS_GCF_023657935.1	Pseudomonadota	set_b_cont20	33	5977191	20.0
genome_361	100.0	18.01075050701277	RS_GCF_001767295.1	Pseudomonadota	set_b_cont20	3	5526814	20.0
genome_362	100.0	19.30844722510992	RS_GCF_023361855.1	Pseudomonadota	set_b_cont20	15	5003844	20.0
genome_363	100.0	19.999989248459237	RS_GCF_000196675.2	Actinomycetota	set_b_cont20	34	8928952	20.0
genome_364	100.0	13.40792700200849	RS_GCF_019774595.1	Bacteroidota	set_b_cont20	2	3210558	20.0
genome_365	100.0	18.56310656162115	RS_GCF_000233695.2	Desulfobacterota	set_b_cont20	5	4712478	20.0
genome_366	100.0	19.999982094913076	GB_GCA_023516295.1	Pseudomonadota	set_b_cont20	4	2680802	20.0
genome_367	100.0	19.99998387887879	RS_GCF_014279635.1	Cyanobacteriota	set_b_cont20	2	2977460	20.0
genome_368	100.0	19.99997960816581	RS_GCF_021399135.1	Pseudomonadota	set_b_cont20	36	4707766	20.0
genome_369	100.0	19.999987559063346	RS_GCF_001886655.1	Pseudomonadota	set_b_cont20	78	7716460	20.0
genome_37	100.0	0.0	RS_GCF_037893165.1	Bacteroidota	set_b_cont0	1	8110254	0.0
genome_370	100.0	19.99997123216934	GB_GCA_963664305.1	Campylobacterota	set_b_cont20	3	3337060	20.0
genome_371	100.0	19.999991409528807	RS_GCF_036866155.1	Pseudomonadota	set_b_cont20	80	5587586	20.0
genome_372	100.0	19.999996825641706	RS_GCF_000292795.1	Pseudomonadota	set_b_cont20	33	7560583	20.0
genome_373	100.0	12.384344883703328	RS_GCF_029987435.1	Pseudomonadota	set_b_cont20	87	4410028	20.0
genome_374	100.0	19.999996083527396	RS_GCF_003390495.1	Actinomycetota	set_b_cont20	3	6127963	20.0
genome_375	100.0	19.999973144350125	RS_GCF_001889005.1	Bacteroidota	set_b_cont20	5	3574666	20.0
genome_376	100.0	19.461852765565123	RS_GCF_946151045.1	Bacillota	set_b_cont20	12	3153818	20.0
genome_377	100.0	18.196474110724484	RS_GCF_036226545.1	Actinomycetota	set_b_cont20	111	12780437	20.0
genome_378	100.0	19.999973964850597	GB_GCA_000306725.1	Halobacteriota	set_b_cont20	5	3687322	20.0
genome_379	100.0	19.999990438792494	RS_GCF_033392255.1	Pseudomonadota	set_b_cont20	9	7530429	20.0
genome_38	100.0	0.0	RS_GCF_013374175.1	Campylobacterota	set_b_cont0	3	1715041	0.0
genome_380	100.0	19.868858605632955	RS_GCF_037797495.1	Pseudomonadota	set_b_cont20	29	5665055	20.0
genome_381	100.0	19.99998240992397	RS_GCF_900635745.1	Pseudomonadota	set_b_cont20	201	5457622	20.0
genome_382	100.0	20.0	RS_GCF_028471865.1	Methanobacteriota_B	set_b_cont20	9	2494170	20.0
genome_383	100.0	19.99992511261191	RS_GCF_001509195.1	Bacillota	set_b_cont20	14	961443	20.0
genome_384	100.0	19.999993636243207	RS_GCF_014701115.1	Actinomycetota	set_b_cont20	4	11314071	20.0
genome_385	100.0	19.99999744529939	RS_GCF_007748155.1	Planctomycetota	set_b_cont20	138	9394447	20.0
genome_386	100.0	19.99999257620112	RS_GCF_014217645.1	Bacteroidota	set_b_cont20	15	6465692	20.0
genome_387	100.0	19.999986140067783	RS_GCF_000772025.1	Bacillota	set_b_cont20	10	3463220	20.0
genome_388	100.0	19.999989894835554	RS_GCF_003667885.1	Bacillota	set_b_cont20	2	4750046	20.0
genome_389	100.0	18.423491808052137	RS_GCF_018336555.1	Bacillota	set_b_cont20	11	2131116	20.0
genome_39	100.0	0.0	GB_GCA_018295965.1	Cyanobacteriota	set_b_cont0	5	6126501	0.0
genome_390	100.0	19.99998579132717	RS_GCF_947250645.1	Pseudomonadota	set_b_cont20	2	1689109	20.0
genome_391	100.0	19.06178586318219	RS_GCF_015277975.1	Pseudomonadota	set_b_cont20	8	6514112	20.0
genome_392	100.0	19.99999579748147	RS_GCF_003864055.1	Pseudomonadota	set_b_cont20	306	5710861	20.0
genome_393	100.0	19.999970723252765	RS_GCF_019329765.1	Bacillota	set_b_cont20	29	3279052	20.0
genome_394	100.0	19.999985279827715	RS_GCF_027186325.1	Pseudomonadota	set_b_cont20	6	6521662	20.0
genome_395	100.0	20.0	RS_GCF_001562255.1	Pseudomonadota	set_b_cont20	4	6612426	20.0
genome_396	100.0	20.0	RS_GCF_904848675.1	Pseudomonadota	set_b_cont20	7	1470954	20.0
genome_397	100.0	19.71279271405437	RS_GCF_000285655.3	Pseudomonadota	set_b_cont20	103	6284262	20.0
genome_398	100.0	17.859566899419963	RS_GCF_009362935.1	Bacillota	set_b_cont20	2	2233097	20.0
genome_399	100.0	19.99999148746359	RS_GCF_000018425.1	Bacillota	set_b_cont20	7	2819371	20.0
genome_4	100.0	0.0	RS_GCF_025765855.1	Pseudomonadota	set_b_cont0	2	4966368	0.0
genome_40	100.0	0.0	RS_GCF_901472495.1	Pseudomonadota	set_b_cont0	1	4558409	0.0
genome_400	100.0	33.32961378275143	RS_GCF_036704625.1	Pseudomonadota	set_b_cont40	51	7193022	40.0
genome_401	100.0	40.0	RS_GCF_037113475.1	Pseudomonadota	set_b_cont40	7	6987939	40.0
genome_402	100.0	39.999991326589466	GB_GCA_963678585.1	Pseudomonadota	set_b_cont40	118	6456514	40.0
genome_403	100.0	40.0	RS_GCF_041080695.1	Actinomycetota	set_b_cont40	12	3329844	40.0
genome_404	100.0	39.99997551560314	GB_GCA_004771035.1	Bacillota	set_b_cont40	86	4574341	40.0
genome_405	100.0	39.99997829084943	GB_GCA_013394345.1	Bacillota	set_b_cont40	120	5159114	40.0
genome_406	100.0	39.99998984574674	RS_GCF_024722295.1	Spirochaetota	set_b_cont40	153	5514930	40.0
genome_407	100.0	39.99998470612436	RS_GCF_021399135.1	Pseudomonadota	set_b_cont40	45	5492394	40.0
genome_408	100.0	40.0	GB_GCA_025999275.1	Patescibacteriota	set_b_cont40	3	1100204	40.0
genome_409	100.0	39.99999569792831	RS_GCF_002892225.1	Pseudomonadota	set_b_cont40	34	6508492	40.0
genome_41	100.0	0.0	RS_GCF_029774195.1	Pseudomonadota	set_b_cont0	3	4236288	0.0
genome_410	100.0	27.734666158857358	RS_GCF_001650275.1	Pseudomonadota	set_b_cont40	7	7344986	40.0
genome_411	100.0	39.99998795922754	RS_GCF_016776365.1	Pseudomonadota	set_b_cont40	43	6976296	40.0
genome_412	100.0	23.32811987783138	RS_GCF_000755785.1	Pseudomonadota	set_b_cont40	7	7196863	40.0
genome_413	100.0	39.99998503777587	RS_GCF_900142975.1	Bacteroidota	set_b_cont40	92	5614138	40.0
genome_414	100.0	39.99998424640823	RS_GCF_024298785.1	Pseudomonadota	set_b_cont40	54	7109489	40.0
genome_415	100.0	39.9999909141315	RS_GCF_026153095.1	Actinomycetota	set_b_cont40	155	12326834	40.0
genome_416	100.0	32.10391831069415	GB_GCA_013306875.1	Pseudomonadota	set_b_cont40	63	7509401	40.0
genome_417	100.0	39.99998518704229	GB_GCA_905219325.2	Pseudomonadota	set_b_cont40	40	7560947	40.0
genome_418	100.0	36.564353834108076	RS_GCF_902381645.1	Fusobacteriota	set_b_cont40	4	3097651	40.0
genome_419	100.0	39.99998997846037	RS_GCF_019139835.1	Pseudomonadota	set_b_cont40	47	8381945	40.0
genome_42	100.0	0.0	RS_GCF_014279955.1	Cyanobacteriota	set_b_cont0	1	2601150	0.0
genome_420	100.0	39.9999571558328	RS_GCF_003173695.1	Bacillota	set_b_cont40	5	2614124	40.0
genome_421	100.0	39.99998607355161	RS_GCF_000023865.1	Actinomycetota	set_b_cont40	3	6031688	40.0
genome_422	100.0	39.99998600929472	RS_GCF_037477845.1	Pseudomonadota	set_b_cont40	24	8005314	40.0
genome_423	100.0	35.963214339460826	RS_GCF_018243215.1	Pseudomonadota	set_b_cont40	87	7742723	40.0
genome_424	100.0	39.99996161815308	RS_GCF_011456295.1	Campylobacterota	set_b_cont40	3	2188534	40.0
genome_425	100.0	39.99998022330525	GB_GCA_963674695.1	UBA10199	set_b_cont40	11	4247423	40.0
genome_426	100.0	39.99999309248677	RS_GCF_030534135.1	Bacillota	set_b_cont40	27	4053557	40.0
genome_427	100.0	39.99998609094056	RS_GCF_009665315.1	Pseudomonadota	set_b_cont40	34	8052305	40.0
genome_428	100.0	39.999991812198026	RS_GCF_014858895.1	Spirochaetota	set_b_cont40	173	6839442	40.0
genome_429	100.0	39.999991334190234	RS_GCF_019285675.1	Pseudomonadota	set_b_cont40	82	6462177	40.0
genome_43	100.0	0.0	RS_GCF_001885215.1	Cyanobacteriota	set_b_cont0	1	2750634	0.0
genome_430	100.0	39.999984576346954	RS_GCF_017498485.1	Bacteroidota	set_b_cont40	7	5446180	40.0
genome_431	100.0	39.999957982575374	RS_GCF_003814385.1	Bacillota	set_b_cont40	4	2665560	40.0
genome_432	100.0	39.99998748804587	RS_GCF_037623895.1	Pseudomonadota	set_b_cont40	4	6713579	40.0
genome_433	100.0	40.0	RS_GCF_018438165.1	Pseudomonadota	set_b_cont40	41	4605195	40.0
genome_434	100.0	39.99998784235547	RS_GCF_024760065.1	Bacteroidota	set_b_cont40	270	9212310	40.0
genome_435	100.0	40.0	RS_GCF_004634685.1	Pseudomonadota	set_b_cont40	10	5748918	40.0
genome_436	100.0	39.99998540351615	RS_GCF_022407135.1	Pseudomonadota	set_b_cont40	44	5754810	40.0
genome_437	100.0	39.99998720009284	RS_GCF_038069355.1	Pseudomonadota	set_b_cont40	11	6562547	40.0
genome_438	100.0	39.99992270546337	RS_GCF_012563325.1	Pseudomonadota	set_b_cont40	10	724501	40.0
genome_439	100.0	39.999989752302916	RS_GCF_003286825.2	Bacillota	set_b_cont40	7	2732321	40.0
genome_44	100.0	0.0	RS_GCF_033675235.1	Pseudomonadota	set_b_cont0	7	5424487	0.0
genome_440	100.0	39.999988343967196	RS_GCF_028749785.1	Pseudomonadota	set_b_cont40	44	7206568	40.0
genome_441	100.0	40.0	RS_GCF_000026005.1	Pseudomonadota	set_b_cont40	38	2122897	40.0
genome_442	100.0	38.51814680436822	RS_GCF_004771435.1	Actinomycetota	set_b_cont40	18	3237888	40.0
genome_443	100.0	39.999981865134636	RS_GCF_002447715.1	Actinomycetota	set_b_cont40	41	6175948	40.0
genome_444	100.0	39.9893132123165	RS_GCF_000355695.1	Actinomycetota	set_b_cont40	100	4288707	40.0
genome_445	100.0	39.99998942424534	RS_GCF_016803835.1	Bacillota	set_b_cont40	16	5295130	40.0
genome_446	100.0	39.99998941320996	RS_GCF_025398135.1	Pseudomonadota	set_b_cont40	242	10579221	40.0
genome_447	100.0	39.999952815499164	RS_GCF_002007905.1	Chloroflexota	set_b_cont40	5	1780245	40.0
genome_448	100.0	39.99998878812528	RS_GCF_016629505.1	Pseudomonadota	set_b_cont40	2	4994704	40.0
genome_449	100.0	31.30923342603435	RS_GCF_030388365.1	Pseudomonadota	set_b_cont40	26	6684374	40.0
genome_45	100.0	0.0	RS_GCF_016919485.1	Cyanobacteriota	set_b_cont0	1	5490383	0.0
genome_450	100.0	39.99998618981319	RS_GCF_010092985.1	Bacteroidota	set_b_cont40	14	6082466	40.0
genome_451	100.0	28.4606679236349	RS_GCF_017165075.1	Pseudomonadota	set_b_cont40	268	7205698	40.0
genome_452	100.0	37.497420598656944	RS_GCF_002209045.1	Campylobacterota	set_b_cont40	36	2332135	40.0
genome_453	100.0	39.999961014886466	RS_GCF_003431325.1	Thermoproteota	set_b_cont40	69	2154668	40.0
genome_454	100.0	39.99999009518772	RS_GCF_039993895.1	Acidobacteriota	set_b_cont40	262	5653817	40.0
genome_455	100.0	39.9999813575958	RS_GCF_001887775.1	Desulfobacterota	set_b_cont40	28	4505856	40.0
genome_456	100.0	10.768795852889285	RS_GCF_026967595.1	Bacillota	set_b_cont40	3	4878291	40.0
genome_457	100.0	34.80278831315516	RS_GCF_017743215.1	Actinomycetota	set_b_cont40	3	3440856	40.0
genome_458	100.0	39.46364266702454	GB_GCA_025561645.1	Bacillota	set_b_cont40	13	4052932	40.0
genome_459	100.0	40.0	RS_GCF_018278985.1	Bacillota	set_b_cont40	6	3103471	40.0
genome_46	100.0	0.0	RS_GCF_030123025.1	Bacillota	set_b_cont0	1	4335104	0.0
genome_460	100.0	39.99997962007748	RS_GCF_034030455.1	Bacillota	set_b_cont40	88	4121703	40.0
genome_461	100.0	39.999990725569965	RS_GCF_001975025.1	Actinomycetota	set_b_cont40	29	12076213	40.0
genome_462	100.0	40.0	RS_GCF_020843925.1	Pseudomonadota	set_b_cont40	91	10647112	40.0
genome_463	100.0	39.999985398520906	RS_GCF_036865205.1	Pseudomonadota	set_b_cont40	50	7670455	40.0
genome_464	100.0	39.999964806473734	RS_GCF_001042405.1	Bacillota	set_b_cont40	7	2386802	40.0
genome_465	100.0	40.0	RS_GCF_000499665.2	Pseudomonadota	set_b_cont40	2	1894830	40.0
genome_466	100.0	39.99997781244788	RS_GCF_000963675.1	Pseudomonadota	set_b_cont40	19	3785906	40.0
genome_467	100.0	39.99999038915743	RS_GCF_002355475.1	Pseudomonadota	set_b_cont40	159	8740128	40.0
genome_468	100.0	39.999994261185776	RS_GCF_030122095.1	Pseudomonadota	set_b_cont40	17	9758113	40.0
genome_469	100.0	39.99999250006	RS_GCF_031757735.1	Bacillota	set_b_cont40	16	3733363	40.0
genome_47	100.0	0.0	GB_GCA_000020165.1	Bacillota	set_b_cont0	2	3847969	0.0
genome_470	100.0	36.72969786495214	RS_GCF_013375795.1	Pseudomonadota	set_b_cont40	15	8882236	40.0
genome_471	100.0	39.999992057536794	RS_GCF_036013545.1	Actinomycetota	set_b_cont40	25	14101418	40.0
genome_472	100.0	39.99997260766784	RS_GCF_014279535.1	Cyanobacteriota	set_b_cont40	7	3066551	40.0
genome_473	100.0	39.99997738255041	RS_GCF_900104945.1	Pseudomonadota	set_b_cont40	8	4951928	40.0
genome_474	100.0	39.9999748240199	RS_GCF_028335185.1	Bacillota	set_b_cont40	70	4448684	40.0
genome_475	100.0	32.96019884852014	RS_GCF_000011725.1	Campylobacterota	set_b_cont40	9	2114006	40.0
genome_476	100.0	39.99999595896572	RS_GCF_002224625.1	Pseudomonadota	set_b_cont40	108	6928919	40.0
genome_477	100.0	39.99998571138206	RS_GCF_004015245.1	Verrucomicrobiota	set_b_cont40	285	3919203	40.0
genome_478	100.0	40.0	RS_GCF_030297495.1	Pseudomonadota	set_b_cont40	23	5302913	40.0
genome_479	100.0	39.99998739699406	RS_GCF_007833775.1	Pseudomonadota	set_b_cont40	16	6665076	40.0
genome_48	100.0	0.0	RS_GCF_036418185.1	Pseudomonadota	set_b_cont0	1	6892720	0.0
genome_480	100.0	38.254393584054306	RS_GCF_024363365.1	Bacillota	set_b_cont40	91	3969762	40.0
genome_481	100.0	39.99998220708638	RS_GCF_003355455.1	Pseudomonadota	set_b_cont40	129	4720980	40.0
genome_482	100.0	39.99998913559931	RS_GCF_022430545.2	Actinomycetota	set_b_cont40	5	7731673	40.0
genome_483	100.0	39.9999879133849	RS_GCF_022919455.1	Bacteroidota	set_b_cont40	11	6949836	40.0
genome_484	100.0	39.999988471379915	RS_GCF_040500455.1	Pseudomonadota	set_b_cont40	33	7286214	40.0
genome_485	100.0	40.0	RS_GCF_000281535.2	Pseudomonadota	set_b_cont40	452	8073261	40.0
genome_486	100.0	39.99998121140411	RS_GCF_037904615.1	Fusobacteriota	set_b_cont40	29	2980531	40.0
genome_487	100.0	39.999992688890735	GB_GCA_904864485.1	Pseudomonadota	set_b_cont40	52	7659576	40.0
genome_488	100.0	39.99996000233986	RS_GCF_022068525.1	Bacillota	set_b_cont40	2	2800163	40.0
genome_489	100.0	38.350770066757114	RS_GCF_000298475.2	Chlamydiota	set_b_cont40	40	1588740	40.0
genome_49	100.0	0.0	RS_GCF_041860435.1	Pseudomonadota	set_b_cont0	3	5680212	0.0
genome_490	100.0	40.0	RS_GCF_016904275.1	Pseudomonadota	set_b_cont40	161	8061417	40.0
genome_491	100.0	39.9999790689448	GB_GCA_004153345.1	Bacillota	set_b_cont40	11	4013175	40.0
genome_492	100.0	40.0	RS_GCF_009867075.1	Actinomycetota	set_b_cont40	50	11840220	40.0
genome_493	100.0	39.999979508469664	RS_GCF_041222745.1	Bacillota	set_b_cont40	3	4099254	40.0
genome_494	100.0	39.999975545478485	RS_GCF_023921165.1	Bacteroidota	set_b_cont40	21	3434947	40.0
genome_495	100.0	39.99998050001377	RS_GCF_001985985.1	Pseudomonadota	set_b_cont40	3	5743593	40.0
genome_496	100.0	39.99998161613478	RS_GCF_013423865.1	Bacillota	set_b_cont40	10	3046149	40.0
genome_497	100.0	39.390977966549116	RS_GCF_021165815.1	Pseudomonadota	set_b_cont40	29	7054622	40.0
genome_498	100.0	38.88733499250146	RS_GCF_014844495.1	Bacteroidota	set_b_cont40	67	4473968	40.0
genome_499	100.0	39.999974998765566	RS_GCF_949152215.1	Actinomycetota	set_b_cont40	17	2239889	40.0
genome_5	100.0	0.0	RS_GCF_022029835.1	Pseudomonadota	set_b_cont0	1	4781904	0.0
genome_50	100.0	0.0	RS_GCF_041695455.1	Bacillota	set_b_cont0	1	4240818	0.0
genome_500	100.0	39.9999630948987	RS_GCF_900149535.2	Chlamydiota	set_b_cont40	10	1517405	40.0
genome_501	100.0	39.999988451575724	RS_GCF_900094135.1	Bacillota	set_b_cont40	53	2424573	40.0
genome_502	100.0	39.17234914698647	RS_GCF_008728435.1	Actinomycetota	set_b_cont40	29	3471259	40.0
genome_503	100.0	40.0	RS_GCF_014338485.1	Pseudomonadota	set_b_cont40	121	7378784	40.0
genome_504	100.0	39.999994827768575	RS_GCF_003716855.1	Pseudomonadota	set_b_cont40	37	5413524	40.0
genome_505	100.0	39.9999947130131	RS_GCF_040746335.1	Bdellovibrionota	set_b_cont40	52	5296022	40.0
genome_506	100.0	40.0	GB_GCA_029536975.1	Bacillota	set_b_cont40	21	6009269	40.0
genome_507	100.0	39.999990645359496	RS_GCF_041154455.1	Pseudomonadota	set_b_cont40	19	8979500	40.0
genome_508	100.0	39.9999587124903	RS_GCF_003584685.1	Bacillota	set_b_cont40	63	2712684	40.0
genome_509	100.0	39.99998576606673	RS_GCF_000626615.2	Bacillota	set_b_cont40	9	3934260	40.0
genome_51	100.0	0.0	RS_GCF_031757735.1	Bacillota	set_b_cont0	5	2666688	0.0
genome_510	100.0	39.999959562915556	RS_GCF_020309925.1	Actinomycetota	set_b_cont40	4	2769734	40.0
genome_511	100.0	40.0	RS_GCF_037099855.1	Bacillota	set_b_cont40	67	4308808	40.0
genome_512	100.0	39.999992828425825	RS_GCF_014696975.1	Bacillota	set_b_cont40	398	3904303	40.0
genome_513	100.0	39.999959608036384	RS_GCF_000025885.1	Synergistota	set_b_cont40	22	2772828	40.0
genome_514	100.0	39.99997964144513	RS_GCF_021390055.1	Bacillota	set_b_cont40	121	5501372	40.0
genome_515	100.0	40.0	RS_GCF_001865555.1	Campylobacterota	set_b_cont40	10	2473954	40.0
genome_516	100.0	40.0	RS_GCF_037951045.1	Bacillota	set_b_cont40	19	4078389	40.0
genome_517	100.0	39.9999880001296	GB_GCA_020386575.1	Cyanobacteriota	set_b_cont40	7	7000075	40.0
genome_518	100.0	39.999993222597354	RS_GCF_003390475.1	Bacillota	set_b_cont40	17	4131376	40.0
genome_519	100.0	39.99999165725675	RS_GCF_902810365.1	Pseudomonadota	set_b_cont40	47	6712420	40.0
genome_52	100.0	0.0	RS_GCF_041438725.1	Actinomycetota	set_b_cont0	4	9111388	0.0
genome_520	100.0	39.99998919525153	RS_GCF_003667725.1	Pseudomonadota	set_b_cont40	38	7774359	40.0
genome_521	100.0	39.99999639844572	RS_GCF_005221685.1	Pseudomonadota	set_b_cont40	22	7774421	40.0
genome_522	100.0	38.627214636586835	RS_GCF_000400935.1	Bacillota	set_b_cont40	7	1557230	40.0
genome_523	100.0	39.99998642948114	RS_GCF_028221515.1	Pseudomonadota	set_b_cont40	12	8253184	40.0
genome_524	100.0	39.99830807924697	RS_GCF_041080845.2	Pseudomonadota	set_b_cont40	150	3442200	40.0
genome_525	100.0	39.06781245895299	RS_GCF_001190825.1	Bacillota	set_b_cont40	4	2848049	40.0
genome_526	100.0	39.999995494326456	RS_GCF_032450655.1	Bacteroidota	set_b_cont40	13	6214387	40.0
genome_527	100.0	39.9999904435301	RS_GCF_036236995.1	Pseudomonadota	set_b_cont40	97	8789856	40.0
genome_528	100.0	39.99997648026361	RS_GCF_030168365.1	Spirochaetota	set_b_cont40	9	3571468	40.0
genome_529	100.0	39.99997890488397	GB_GCA_039636865.1	Actinomycetota	set_b_cont40	4	5309285	40.0
genome_53	100.0	0.0	RS_GCF_017753665.1	Pseudomonadota	set_b_cont0	1	2566407	0.0
genome_530	100.0	40.0	RS_GCF_000183425.1	Bacteroidota	set_b_cont40	85	6323086	40.0
genome_531	100.0	39.999990819446985	RS_GCF_002005185.1	Bacillota	set_b_cont40	29	3049925	40.0
genome_532	100.0	31.122105119572065	RS_GCF_023497585.1	Bacillota	set_b_cont40	3	5363829	40.0
genome_533	100.0	39.999991643353944	RS_GCF_002910725.2	Actinomycetota	set_b_cont40	125	10051879	40.0
genome_534	100.0	39.9999961012262	RS_GCF_023158855.1	Pseudomonadota	set_b_cont40	7	7181745	40.0
genome_535	100.0	40.0	RS_GCF_002863765.1	Pseudomonadota	set_b_cont40	16	6860084	40.0
genome_536	100.0	39.999984594830565	RS_GCF_002762135.3	Pseudomonadota	set_b_cont40	134	7270286	40.0
genome_537	100.0	39.99998074484708	GB_GCA_001029695.1	Patescibacteriota	set_b_cont40	4	1454156	40.0
genome_538	100.0	39.99999025160842	RS_GCF_004009355.1	Pseudomonadota	set_b_cont40	197	5744537	40.0
genome_539	100.0	39.99997566390885	GB_GCA_036323135.1	Fusobacteriota	set_b_cont40	79	3451663	40.0
genome_54	100.0	0.0	RS_GCF_900327245.1	Pseudomonadota	set_b_cont0	1	2465012	0.0
genome_540	100.0	39.999990000539974	RS_GCF_002355575.1	Bacillota	set_b_cont40	3	2800151	40.0
genome_541	100.0	39.999981831527386	RS_GCF_030177875.1	Pseudomonadota	set_b_cont40	6	3082262	40.0
genome_542	100.0	39.99998827967966	RS_GCF_028750915.1	Campylobacterota	set_b_cont40	83	2389013	40.0
genome_543	100.0	39.99999569724342	RS_GCF_030718995.1	Actinomycetota	set_b_cont40	132	6507456	40.0
genome_544	100.0	39.999987645968034	RS_GCF_004194635.3	Pseudomonadota	set_b_cont40	24	6799399	40.0
genome_545	100.0	39.99994543763112	RS_GCF_002891665.1	Pseudomonadota	set_b_cont40	264	6158088	40.0
genome_546	100.0	40.0	RS_GCF_000187935.1	Bacillota	set_b_cont40	9	3030272	40.0
genome_547	100.0	39.99998214344306	RS_GCF_013415885.1	Halobacteriota	set_b_cont40	24	6272205	40.0
genome_548	100.0	40.0	RS_GCF_902387285.1	Thermoplasmatota	set_b_cont40	86	2333513	40.0
genome_549	100.0	39.99999361781498	RS_GCF_900637635.1	Pseudomonadota	set_b_cont40	5	4387212	40.0
genome_55	100.0	0.0	GB_GCA_963664305.1	Campylobacterota	set_b_cont0	2	2780884	0.0
genome_550	100.0	39.99998699857569	RS_GCF_900198195.1	Bacteroidota	set_b_cont40	32	6460830	40.0
genome_551	100.0	39.99994473937246	RS_GCF_900489825.1	Bacillota	set_b_cont40	6	1520069	40.0
genome_552	100.0	40.0	RS_GCF_030295805.1	Bacillota	set_b_cont40	47	4258604	40.0
genome_553	100.0	40.0	RS_GCF_006970285.1	Bacillota	set_b_cont40	6	1424052	40.0
genome_554	100.0	36.33914634212489	GB_GCA_024397275.1	Bacillota	set_b_cont40	143	5781212	40.0
genome_555	100.0	39.62845238632433	RS_GCF_015209825.1	Actinomycetota	set_b_cont40	238	11603648	40.0
genome_556	100.0	39.396466876234555	RS_GCF_004635925.1	Pseudomonadota	set_b_cont40	46	5727483	40.0
genome_557	100.0	39.99999672858795	RS_GCF_003991175.1	Bacillota	set_b_cont40	168	8558995	40.0
genome_558	100.0	32.91587882677413	RS_GCF_028748185.1	Planctomycetota	set_b_cont40	61	9245267	40.0
genome_559	100.0	39.60785696618105	RS_GCF_001558255.2	Pseudomonadota	set_b_cont40	6	5582135	40.0
genome_56	100.0	0.0	RS_GCF_014109745.1	Bacteroidota	set_b_cont0	1	6433667	0.0
genome_560	100.0	39.99997754296872	RS_GCF_019175445.1	Bacillota	set_b_cont40	5	3740476	40.0
genome_561	100.0	40.0	RS_GCF_033807455.1	Pseudomonadota	set_b_cont40	32	8128799	40.0
genome_562	100.0	32.06822101218038	RS_GCF_009036385.1	Campylobacterota	set_b_cont40	11	2334216	40.0
genome_563	100.0	39.999996034521864	RS_GCF_028750275.1	Pseudomonadota	set_b_cont40	34	7060939	40.0
genome_564	100.0	39.99996754079311	RS_GCF_000024905.1	Synergistota	set_b_cont40	22	2587863	40.0
genome_565	100.0	39.99999623648286	RS_GCF_023735495.1	Pseudomonadota	set_b_cont40	39	7439849	40.0
genome_566	100.0	39.999970050599515	RS_GCF_041073745.1	Bacillota	set_b_cont40	8	2804730	40.0
genome_567	100.0	32.354236140122154	RS_GCF_009497795.1	Bacillota	set_b_cont40	104	5404942	40.0
genome_568	100.0	40.0	RS_GCF_014279775.1	Cyanobacteriota	set_b_cont40	28	3183516	40.0
genome_569	100.0	39.9999925301167	RS_GCF_031583475.1	Cyanobacteriota	set_b_cont40	7	3748385	40.0
genome_57	100.0	0.0	RS_GCF_900105065.1	Actinomycetota	set_b_cont0	1	4717614	0.0
genome_570	100.0	40.0	RS_GCF_029226365.1	Pseudomonadota	set_b_cont40	35	7357553	40.0
genome_571	100.0	39.99999334793572	RS_GCF_027945845.1	Pseudomonadota	set_b_cont40	54	8418439	40.0
genome_572	100.0	39.9999925298377	RS_GCF_040760075.1	Bacteroidota	set_b_cont40	15	7496490	40.0
genome_573	100.0	39.99999593827024	GB_GCA_002368435.1	Cyanobacteriota	set_b_cont40	93	13787229	40.0
genome_574	100.0	39.9999670313186	RS_GCF_020991185.1	Bacillota	set_b_cont40	6	2547872	40.0
genome_575	100.0	39.99997027046813	RS_GCF_014323565.1	Pseudomonadota	set_b_cont40	11	3767297	40.0
genome_576	100.0	39.9999641581129	RS_GCF_002952535.1	Campylobacterota	set_b_cont40	3	2343626	40.0
genome_577	100.0	39.99998637309467	RS_GCF_040735165.1	Actinomycetota	set_b_cont40	109	6164275	40.0
genome_578	100.0	39.99999212652052	RS_GCF_024585365.1	Pseudomonadota	set_b_cont40	34	7112484	40.0
genome_579	100.0	27.212898945861962	RS_GCF_002211525.1	Actinomycetota	set_b_cont40	173	6144037	40.0
genome_58	100.0	0.0	GB_GCA_018399055.1	Chlamydiota	set_b_cont0	1	2143268	0.0
genome_580	100.0	40.0	RS_GCF_024918055.1	Pseudomonadota	set_b_cont40	103	7800086	40.0
genome_581	100.0	39.999985919464265	RS_GCF_008329645.1	Actinomycetota	set_b_cont40	99	7954242	40.0
genome_582	100.0	20.45909377595836	RS_GCF_029925445.1	Bacillota	set_b_cont40	3	3554313	40.0
genome_583	100.0	39.999989745235766	RS_GCF_000265525.1	Methanobacteriota_B	set_b_cont40	21	2730438	40.0
genome_584	100.0	39.99998241994703	RS_GCF_000813285.1	Spirochaetota	set_b_cont40	25	1592714	40.0
genome_585	100.0	40.0	RS_GCF_001638825.1	Deinococcota	set_b_cont40	51	4682671	40.0
genome_586	100.0	39.99999254956773	RS_GCF_016906225.1	Actinomycetota	set_b_cont40	21	11274513	40.0
genome_587	100.0	40.0	RS_GCF_000695975.1	Nitrospirota_A	set_b_cont40	60	3262819	40.0
genome_588	100.0	40.0	RS_GCF_015244315.1	Actinomycetota	set_b_cont40	113	11841277	40.0
genome_589	100.0	34.24075644154573	RS_GCF_000015685.1	Cyanobacteriota	set_b_cont40	5	2503229	40.0
genome_59	100.0	0.0	RS_GCF_000164395.1	Pseudomonadota	set_b_cont0	1	3636659	0.0
genome_590	100.0	39.9999235427974	RS_GCF_000318925.1	Chlamydiota	set_b_cont40	4	1464871	40.0
genome_591	100.0	36.66391511959356	RS_GCF_003445415.1	Pseudomonadota	set_b_cont40	176	9827647	40.0
genome_592	100.0	39.99999222465461	RS_GCF_034043455.1	Bacillota	set_b_cont40	12	3601126	40.0
genome_593	100.0	39.99997920503626	RS_GCF_037222485.1	Bacillota	set_b_cont40	127	4039439	40.0
genome_594	100.0	35.81196555172439	RS_GCF_000190315.1	Thermoproteota	set_b_cont40	44	3122294	40.0
genome_595	100.0	39.99998933875209	GB_GCA_000145985.1	Thermoproteota	set_b_cont40	13	2626334	40.0
genome_596	100.0	39.99998555940257	RS_GCF_024758165.1	Bacillota	set_b_cont40	84	7755911	40.0
genome_597	100.0	38.90497611434146	RS_GCF_013177455.1	Actinomycetota	set_b_cont40	20	6099787	40.0
genome_598	100.0	40.0	RS_GCF_033144835.1	Bacillota	set_b_cont40	66	2994488	40.0
genome_599	100.0	39.999993586409346	RS_GCF_027571215.1	Pseudomonadota	set_b_cont40	115	8731458	40.0
genome_6	100.0	0.0	RS_GCF_024800585.1	Bacillota	set_b_cont0	1	2077416	0.0
genome_60	100.0	0.0	RS_GCF_000737885.1	Actinomycetota	set_b_cont0	1	2203222	0.0
genome_600	100.0	59.99998601635248	RS_GCF_016803555.1	Bacteroidota	set_b_cont60	9	4576774	60.0
genome_601	100.0	59.999997124491685	RS_GCF_025147085.1	Bacteroidota	set_b_cont60	68	11128467	60.0
genome_602	100.0	59.99998559378285	RS_GCF_005221685.1	Pseudomonadota	set_b_cont60	104	8885052	60.0
genome_603	100.0	60.0	RS_GCF_000023905.1	Fusobacteriota	set_b_cont60	11	3944976	60.0
genome_604	100.0	42.35259478201557	RS_GCF_000023625.1	Actinomycetota	set_b_cont60	117	6261023	60.0
genome_605	100.0	56.250258085532984	RS_GCF_002073235.2	Pseudomonadota	set_b_cont60	7	3746039	60.0
genome_606	100.0	59.99998746891311	RS_GCF_019968725.1	Pseudomonadota	set_b_cont60	14	10214596	60.0
genome_607	100.0	52.05667403340957	GB_GCA_004771035.1	Bacillota	set_b_cont60	9	4968280	60.0
genome_608	100.0	59.99998308989118	RS_GCF_001767255.1	Actinomycetota	set_b_cont60	63	3784718	60.0
genome_609	100.0	59.999992257371176	GB_GCA_037898875.1	Fusobacteriota	set_b_cont60	21	4132963	60.0
genome_61	100.0	0.0	RS_GCF_014900415.1	Actinomycetota	set_b_cont0	1	4418657	0.0
genome_610	100.0	59.999983101642776	GB_GCA_011996705.1	Bacillota	set_b_cont60	3	1893675	60.0
genome_611	100.0	59.99992328221691	RS_GCF_000590735.1	Chlamydiota	set_b_cont60	52	1668452	60.0
genome_612	100.0	60.0	RS_GCF_001703555.1	Bacillota	set_b_cont60	27	4266112	60.0
genome_613	100.0	59.99996748154307	GB_GCA_000017485.1	Campylobacterota	set_b_cont60	5	2952169	60.0
genome_614	100.0	45.57464377488062	GB_GCA_002234455.1	Campylobacterota	set_b_cont60	8	2481889	60.0
genome_615	100.0	59.999985429067515	RS_GCF_016919485.1	Cyanobacteriota	set_b_cont60	63	8784612	60.0
genome_616	100.0	59.99995005815104	RS_GCF_015245165.1	Campylobacterota	set_b_cont60	2	2562980	60.0
genome_617	100.0	51.43689413731475	RS_GCF_041438725.1	Actinomycetota	set_b_cont60	41	13798003	60.0
genome_618	100.0	56.42955372766464	RS_GCF_000319005.1	Chlamydiota	set_b_cont60	17	1636846	60.0
genome_619	100.0	59.999996676019244	RS_GCF_030490165.1	Pseudomonadota	set_b_cont60	125	9627011	60.0
genome_62	100.0	0.0	RS_GCF_000024305.1	Thermoproteota	set_b_cont0	2	2748647	0.0
genome_620	100.0	59.99999341485089	RS_GCF_002103235.2	Bacillota	set_b_cont60	101	4859419	60.0
genome_621	100.0	59.99454187341247	RS_GCF_025561465.1	Bacillota	set_b_cont60	465	4291436	60.0
genome_622	100.0	54.98815814970946	RS_GCF_034567995.1	Pseudomonadota	set_b_cont60	83	8142151	60.0
genome_623	100.0	59.9999834359202	RS_GCF_002211525.1	Actinomycetota	set_b_cont60	2	7727564	60.0
genome_624	100.0	59.99999340613401	RS_GCF_018741605.1	Bacillota	set_b_cont60	85	9705990	60.0
genome_625	100.0	60.0	RS_GCF_011306595.1	Bacillota	set_b_cont60	8	4110784	60.0
genome_626	100.0	60.0	RS_GCF_022918835.1	Pseudomonadota	set_b_cont60	129	8648808	60.0
genome_627	100.0	60.0	RS_GCF_036250655.1	Spirochaetota	set_b_cont60	292	5534912	60.0
genome_628	100.0	59.99999402633252	RS_GCF_031882575.1	Pseudomonadota	set_b_cont60	41	10713686	60.0
genome_629	100.0	59.99999562832643	RS_GCF_000970025.1	Halobacteriota	set_b_cont60	116	7319851	60.0
genome_63	100.0	0.0	RS_GCF_036322935.1	Bacillota	set_b_cont0	1	2050376	0.0
genome_630	100.0	59.99998887577879	RS_GCF_014269225.2	Pseudomonadota	set_b_cont60	18	8629817	60.0
genome_631	100.0	59.99999617726555	RS_GCF_003410255.1	Bacillota	set_b_cont60	108	8370971	60.0
genome_632	100.0	59.99999405947711	RS_GCF_000747295.1	Pseudomonadota	set_b_cont60	42	10773462	60.0
genome_633	100.0	59.99997857246934	RS_GCF_038049065.1	Bacillota	set_b_cont60	65	4480217	60.0
genome_634	100.0	59.99998041517224	RS_GCF_000355695.1	Actinomycetota	set_b_cont60	14	4901753	60.0
genome_635	100.0	59.99998125554133	RS_GCF_000243255.1	Halobacteriota	set_b_cont60	45	5121513	60.0
genome_636	100.0	60.0	RS_GCF_018847395.1	Verrucomicrobiota	set_b_cont60	177	4744752	60.0
genome_637	100.0	59.999989528628596	RS_GCF_038442385.1	Pseudomonadota	set_b_cont60	13	6111902	60.0
genome_638	100.0	59.99996854366611	RS_GCF_002007905.1	Chloroflexota	set_b_cont60	36	2034566	60.0
genome_639	100.0	59.999977127356026	GB_GCA_007556835.1	Pseudomonadota	set_b_cont60	6	5596204	60.0
genome_64	100.0	0.0	RS_GCF_023735715.1	Pseudomonadota	set_b_cont0	4	5424276	0.0
genome_640	100.0	60.0	RS_GCF_905187425.1	Pseudomonadota	set_b_cont60	7	7841488	60.0
genome_641	100.0	59.99998790563005	RS_GCF_037590645.1	Campylobacterota	set_b_cont60	15	2645859	60.0
genome_642	100.0	59.999993007988024	RS_GCF_004104435.1	Verrucomicrobiota	set_b_cont60	32	4576651	60.0
genome_643	100.0	59.9999852050433	RS_GCF_001955735.1	Pseudomonadota	set_b_cont60	13	6488697	60.0
genome_644	100.0	59.999978852052394	RS_GCF_040746335.1	Bdellovibrionota	set_b_cont60	6	6052596	60.0
genome_645	100.0	60.0	RS_GCF_037651215.1	Campylobacterota	set_b_cont60	151	2752192	60.0
genome_646	100.0	59.99999292212533	RS_GCF_009739885.1	Bacillota	set_b_cont60	121	4521131	60.0
genome_647	100.0	59.99998544435121	RS_GCF_016618175.1	Pseudomonadota	set_b_cont60	7	8793836	60.0
genome_648	100.0	59.998577303731054	RS_GCF_019243695.1	Pseudomonadota	set_b_cont60	173	6905137	60.0
genome_649	100.0	59.9999911827153	RS_GCF_902381645.1	Fusobacteriota	set_b_cont60	10	3629235	60.0
genome_65	100.0	0.0	RS_GCF_003325455.1	Actinomycetota	set_b_cont0	1	3432872	0.0
genome_650	100.0	56.75746354477045	RS_GCF_037242635.1	Bacillota	set_b_cont60	5	3332822	60.0
genome_651	100.0	60.0	RS_GCF_023735195.1	Pseudomonadota	set_b_cont60	13	8225488	60.0
genome_652	100.0	59.981887625955366	RS_GCF_008330825.1	Pseudomonadota	set_b_cont60	172	3517197	60.0
genome_653	100.0	34.27349593662886	RS_GCF_013415885.1	Halobacteriota	set_b_cont60	222	6015650	60.0
genome_654	100.0	60.0	RS_GCF_019265005.1	Pseudomonadota	set_b_cont60	20	7871888	60.0
genome_655	100.0	58.692636856651035	RS_GCF_022024155.1	Bacteroidota	set_b_cont60	95	5648447	60.0
genome_656	100.0	60.0	RS_GCF_002761035.1	Pseudomonadota	set_b_cont60	113	7910416	60.0
genome_657	100.0	59.999992801669435	RS_GCF_025905525.1	Spirochaetota	set_b_cont60	59	4445475	60.0
genome_658	100.0	60.0	RS_GCF_023517235.1	Pseudomonadota	set_b_cont60	476	6516760	60.0
genome_659	100.0	54.96483671252378	GB_GCA_900636165.1	Pseudomonadota	set_b_cont60	7	7145300	60.0
genome_66	100.0	0.0	RS_GCF_003173695.1	Bacillota	set_b_cont0	2	1867232	0.0
genome_660	100.0	59.999977734719195	RS_GCF_019056515.1	Actinomycetota	set_b_cont60	40	5748860	60.0
genome_661	100.0	59.999975360187854	RS_GCF_020096995.1	Actinomycetota	set_b_cont60	9	5194844	60.0
genome_662	100.0	59.999987832973495	RS_GCF_032921125.1	Bacillota	set_b_cont60	18	5260118	60.0
genome_663	100.0	37.13446839602796	RS_GCF_030323665.1	Pseudomonadota	set_b_cont60	10	7676287	60.0
genome_664	100.0	59.9999929583713	RS_GCF_022404675.1	Bacillota	set_b_cont60	70	4544403	60.0
genome_665	100.0	59.99999162663851	RS_GCF_001433455.1	Methanobacteriota_B	set_b_cont60	11	3821643	60.0
genome_666	100.0	59.99998157593891	RS_GCF_039555275.1	Pseudomonadota	set_b_cont60	29	3473718	60.0
genome_667	100.0	60.0	RS_GCF_029277625.1	Pseudomonadota	set_b_cont60	80	9067352	60.0
genome_668	100.0	59.99997111348141	RS_GCF_017328685.1	Bacillota	set_b_cont60	123	4431132	60.0
genome_669	100.0	59.99995904663292	RS_GCF_000816185.1	Campylobacterota	set_b_cont60	15	2344129	60.0
genome_67	100.0	0.0	RS_GCF_032298955.1	Pseudomonadota	set_b_cont0	7	5063035	0.0
genome_670	100.0	60.0	RS_GCF_037951045.1	Bacillota	set_b_cont60	47	4661016	60.0
genome_671	100.0	59.99999203292632	RS_GCF_963556565.1	Actinomycetota	set_b_cont60	5	4016531	60.0
genome_672	100.0	60.0	RS_GCF_004355605.1	Pseudomonadota	set_b_cont60	101	7576320	60.0
genome_673	100.0	59.99999511457781	RS_GCF_002310515.1	Bacteroidota	set_b_cont60	29	6550099	60.0
genome_674	100.0	59.999992748645326	RS_GCF_036195325.1	Actinomycetota	set_b_cont60	33	13238905	60.0
genome_675	100.0	60.0	RS_GCF_000612055.1	Actinomycetota	set_b_cont60	4	3741424	60.0
genome_676	100.0	56.35507786929925	RS_GCF_014168895.1	Pseudomonadota	set_b_cont60	15	9480279	60.0
genome_677	100.0	59.999984834462474	RS_GCF_000245275.1	Thermoproteota	set_b_cont60	20	4220094	60.0
genome_678	100.0	58.06063772803148	RS_GCF_017504145.1	Verrucomicrobiota	set_b_cont60	28	4210816	60.0
genome_679	100.0	59.99999546628366	RS_GCF_002447715.1	Actinomycetota	set_b_cont60	139	7058227	60.0
genome_68	100.0	0.0	RS_GCF_002777155.1	Chlamydiota	set_b_cont0	1	1048306	0.0
genome_680	100.0	59.99997757362299	RS_GCF_002953415.1	Deinococcota	set_b_cont60	337	5707564	60.0
genome_681	100.0	59.99999764616215	RS_GCF_000403665.1	Actinomycetota	set_b_cont60	516	13594819	60.0
genome_682	100.0	59.99999413885406	RS_GCF_003589725.1	Bacillota	set_b_cont60	20	5459683	60.0
genome_683	100.0	60.0	RS_GCF_023273895.1	Bacteroidota	set_b_cont60	55	8313064	60.0
genome_684	100.0	59.99999296962138	RS_GCF_010230725.1	Verrucomicrobiota	set_b_cont60	25	4551675	60.0
genome_685	100.0	59.99998502864582	RS_GCF_019175445.1	Bacillota	set_b_cont60	10	4274830	60.0
genome_686	100.0	60.0	RS_GCF_036226545.1	Actinomycetota	set_b_cont60	313	17300600	60.0
genome_687	100.0	60.0	RS_GCF_007035805.1	Pseudomonadota	set_b_cont60	16	7629320	60.0
genome_688	100.0	59.99998534733591	RS_GCF_014171015.1	Pseudomonadota	set_b_cont60	47	8735612	60.0
genome_689	100.0	59.999984591228404	RS_GCF_019968845.1	Pseudomonadota	set_b_cont60	15	8306956	60.0
genome_69	100.0	0.0	RS_GCF_014192695.1	Bacillota	set_b_cont0	1	2158609	0.0
genome_690	100.0	59.99999672623929	RS_GCF_019679435.2	Verrucomicrobiota	set_b_cont60	50	9774691	60.0
genome_691	100.0	60.0	RS_GCF_021029445.1	Pseudomonadota	set_b_cont60	83	7123360	60.0
genome_692	100.0	60.0	RS_GCF_003073995.1	Pseudomonadota	set_b_cont60	59	7836552	60.0
genome_693	100.0	54.87665296057336	RS_GCF_023650835.1	Pseudomonadota	set_b_cont60	409	8934783	60.0
genome_694	100.0	53.325700745965705	RS_GCF_040581375.1	Pseudomonadota	set_b_cont60	124	5272509	60.0
genome_695	100.0	59.99999080054571	RS_GCF_001697745.1	Pseudomonadota	set_b_cont60	7	3478467	60.0
genome_696	100.0	59.99999533782906	RS_GCF_000023445.1	Desulfobacterota_I	set_b_cont60	57	6863755	60.0
genome_697	100.0	58.48053395468692	RS_GCF_024362345.1	Bacteroidota	set_b_cont60	276	4893012	60.0
genome_698	100.0	55.80560208237176	RS_GCF_949786325.1	Pseudomonadota	set_b_cont60	11	7642539	60.0
genome_699	100.0	59.9999894792602	RS_GCF_019056455.1	Campylobacterota	set_b_cont60	58	3041611	60.0
genome_7	100.0	0.0	RS_GCF_008728435.1	Actinomycetota	set_b_cont0	1	2494216	0.0
genome_70	100.0	0.0	RS_GCF_020309985.1	Actinomycetota	set_b_cont0	1	1978400	0.0
genome_700	100.0	50.68668767989556	RS_GCF_030718995.1	Actinomycetota	set_b_cont60	102	7004193	60.0
genome_701	100.0	57.91486974147681	RS_GCF_024760065.1	Bacteroidota	set_b_cont60	43	10391149	60.0
genome_702	100.0	59.999987651782746	RS_GCF_001953695.1	Pseudomonadota	set_b_cont60	148	7774401	60.0
genome_703	100.0	60.0	GB_GCA_029448515.1	Pseudomonadota	set_b_cont60	27	9130152	60.0
genome_704	100.0	56.915806446131846	RS_GCF_030062915.1	Bacillota	set_b_cont60	38	3509331	60.0
genome_705	100.0	59.99998657386522	RS_GCF_034642355.1	Bacillota	set_b_cont60	38	4766822	60.0
genome_706	100.0	59.999995480401665	RS_GCF_014900095.1	Actinomycetota	set_b_cont60	4	7080275	60.0
genome_707	100.0	59.999984402335514	RS_GCF_963692685.1	Bacteroidota	set_b_cont60	229	8206356	60.0
genome_708	100.0	59.99998980647335	RS_GCF_029987435.1	Pseudomonadota	set_b_cont60	301	6278494	60.0
genome_709	100.0	49.974140051622264	RS_GCF_003627375.1	Bacillota	set_b_cont60	7	5529800	60.0
genome_71	100.0	0.0	RS_GCF_900416705.2	Chlamydiota	set_b_cont0	2	1139886	0.0
genome_710	100.0	56.51239678913741	RS_GCF_003018155.1	Pseudomonadota	set_b_cont60	22	8448619	60.0
genome_711	100.0	59.99999700275612	RS_GCF_024759765.1	Bacteroidota	set_b_cont60	32	10676475	60.0
genome_712	100.0	17.124885610023387	RS_GCF_000242775.1	Actinomycetota	set_b_cont60	12	2902781	60.0
genome_713	100.0	34.987910363245085	RS_GCF_022919455.1	Bacteroidota	set_b_cont60	4	6701028	60.0
genome_714	100.0	60.0	RS_GCF_963853645.1	Actinomycetota	set_b_cont60	33	10616336	60.0
genome_715	100.0	59.999981227060346	RS_GCF_038627335.1	Pseudomonadota	set_b_cont60	22	6818324	60.0
genome_716	100.0	59.999981782317825	RS_GCF_013177455.1	Actinomycetota	set_b_cont60	84	7026140	60.0
genome_717	100.0	59.99998706374083	RS_GCF_900096795.1	Pseudomonadota	set_b_cont60	69	7421001	60.0
genome_718	100.0	60.0	RS_GCF_001027025.1	Thermotogota	set_b_cont60	11	3470672	60.0
genome_719	100.0	59.999989678122574	RS_GCF_003584685.1	Bacillota	set_b_cont60	117	3100211	60.0
genome_72	100.0	0.0	RS_GCF_022493175.1	Pseudomonadota	set_b_cont0	1	4862944	0.0
genome_720	100.0	59.99996312595988	RS_GCF_000018605.1	Thermotogota	set_b_cont60	6	3471276	60.0
genome_721	100.0	60.0	RS_GCF_027570475.1	Pseudomonadota	set_b_cont60	25	10932576	60.0
genome_722	100.0	59.99999768139249	RS_GCF_001975025.1	Actinomycetota	set_b_cont60	100	13801387	60.0
genome_723	100.0	59.999958980943056	RS_GCF_000265525.1	Methanobacteriota_B	set_b_cont60	20	3120500	60.0
genome_724	100.0	59.99997211438817	RS_GCF_000239235.1	Bacillota	set_b_cont60	126	4590180	60.0
genome_725	100.0	59.99998423013904	RS_GCF_001951015.1	Pseudomonadota	set_b_cont60	61	2029187	60.0
genome_726	100.0	47.435658062092344	RS_GCF_009036385.1	Campylobacterota	set_b_cont60	29	2605825	60.0
genome_727	100.0	59.999986784260315	RS_GCF_013372185.1	Campylobacterota	set_b_cont60	6	2421355	60.0
genome_728	100.0	56.84442838050975	RS_GCF_000017885.4	Bacillota	set_b_cont60	13	5810523	60.0
genome_729	100.0	59.99994407945936	RS_GCF_000772145.1	Chlamydiota	set_b_cont60	3	1716721	60.0
genome_73	100.0	0.0	RS_GCF_025142715.1	Pseudomonadota	set_b_cont0	4	4163548	0.0
genome_730	100.0	58.363341093146104	RS_GCF_012317045.1	Actinomycetota	set_b_cont60	19	6478904	60.0
genome_731	100.0	59.18123475917133	RS_GCF_008831505.1	Bacteroidota	set_b_cont60	102	4389257	60.0
genome_732	100.0	59.99998561608467	GB_GCA_963664305.1	Campylobacterota	set_b_cont60	134	4449414	60.0
genome_733	100.0	53.472467974702184	RS_GCF_019802745.1	Bacteroidota	set_b_cont60	46	3950831	60.0
genome_734	100.0	59.999982020403245	RS_GCF_000277285.1	Pseudomonadota	set_b_cont60	2	1779795	60.0
genome_735	100.0	59.99999742197511	GB_GCA_008704475.1	Actinomycetota	set_b_cont60	14	12412603	60.0
genome_736	100.0	39.13081246345426	RS_GCF_015535055.1	Pseudomonadota	set_b_cont60	31	7095357	60.0
genome_737	100.0	59.99999289334113	RS_GCF_002142675.1	Pseudomonadota	set_b_cont60	61	9005638	60.0
genome_738	100.0	48.91505439347115	GB_GCA_029536975.1	Bacillota	set_b_cont60	8	6391933	60.0
genome_739	100.0	58.322951584192886	RS_GCF_022407135.1	Pseudomonadota	set_b_cont60	5	6507990	60.0
genome_74	100.0	0.0	GB_GCA_023516295.1	Pseudomonadota	set_b_cont0	1	2234002	0.0
genome_740	100.0	59.99998879475655	RS_GCF_040760075.1	Bacteroidota	set_b_cont60	116	8567417	60.0
genome_741	100.0	59.99998196897853	RS_GCF_018798905.1	Pseudomonadota	set_b_cont60	7	3549438	60.0
genome_742	100.0	59.999994910672115	RS_GCF_023516155.1	Bacillota	set_b_cont60	58	6287667	60.0
genome_743	100.0	48.646966288067475	RS_GCF_015140235.1	Bacillota	set_b_cont60	22	3777824	60.0
genome_744	100.0	59.999991521137595	RS_GCF_900105065.1	Actinomycetota	set_b_cont60	268	7548182	60.0
genome_745	100.0	59.99999200062235	RS_GCF_003718655.1	Pseudomonadota	set_b_cont60	159	8000622	60.0
genome_746	100.0	60.0	RS_GCF_014338485.1	Pseudomonadota	set_b_cont60	28	8432896	60.0
genome_747	100.0	60.0	RS_GCF_000499665.2	Pseudomonadota	set_b_cont60	2	2165520	60.0
genome_748	100.0	59.999987597722196	RS_GCF_003590645.1	Pseudomonadota	set_b_cont60	64	7740513	60.0
genome_749	100.0	59.99998655741881	RS_GCF_021166135.1	Pseudomonadota	set_b_cont60	17	9521980	60.0
genome_75	100.0	0.0	RS_GCF_023205815.1	Actinomycetota	set_b_cont0	1	2612005	0.0
genome_750	100.0	59.999996216236056	RS_GCF_024585025.1	Pseudomonadota	set_b_cont60	8	8457187	60.0
genome_751	100.0	59.999992639812284	RS_GCF_018310575.1	Actinomycetota	set_b_cont60	71	13043145	60.0
genome_752	100.0	59.999972945214395	RS_GCF_020628735.1	Bacillota	set_b_cont60	58	4731140	60.0
genome_753	100.0	59.99999171431625	RS_GCF_037911875.1	Fusobacteriota	set_b_cont60	9	3862083	60.0
genome_754	100.0	59.20063308714746	RS_GCF_023330725.1	Pseudomonadota	set_b_cont60	63	8433203	60.0
genome_755	100.0	59.99998677893117	RS_GCF_038024175.1	Bacillota	set_b_cont60	26	9681516	60.0
genome_756	100.0	59.99996412901359	GB_GCA_951812655.1	Thermoproteota	set_b_cont60	5	2676257	60.0
genome_757	100.0	47.64513946548437	RS_GCF_012220205.1	Bacillota	set_b_cont60	10	1747990	60.0
genome_758	100.0	60.0	RS_GCF_025142835.1	Pseudomonadota	set_b_cont60	16	6542640	60.0
genome_759	100.0	45.62515493494027	RS_GCF_002238335.1	Campylobacterota	set_b_cont60	8	2531887	60.0
genome_76	100.0	0.0	RS_GCF_022453725.1	Spirochaetota	set_b_cont0	5	5121101	0.0
genome_760	100.0	52.50912557016679	RS_GCF_036418185.1	Pseudomonadota	set_b_cont60	192	10512027	60.0
genome_761	100.0	59.99999153160279	GB_GCA_900636155.1	Pseudomonadota	set_b_cont60	60	7557510	60.0
genome_762	100.0	56.73833073678304	RS_GCF_000014405.1	Bacillota	set_b_cont60	48	2910554	60.0
genome_763	100.0	59.999979227512746	RS_GCF_041765085.1	Bacillota	set_b_cont60	2	4621497	60.0
genome_764	100.0	57.76729596937951	RS_GCF_019047325.1	Pseudomonadota	set_b_cont60	32	7604035	60.0
genome_765	100.0	58.13985174085193	RS_GCF_009938095.1	Bacteroidota	set_b_cont60	17	6720289	60.0
genome_766	100.0	57.83463045246113	RS_GCF_022922655.1	Campylobacterota	set_b_cont60	15	2552257	60.0
genome_767	100.0	59.99998760014434	RS_GCF_003815815.1	Actinomycetota	set_b_cont60	31	7742025	60.0
genome_768	100.0	59.99999372663564	RS_GCF_021249245.1	Pseudomonadota	set_b_cont60	73	10201862	60.0
genome_769	100.0	59.99998513300755	RS_GCF_016629465.1	Bacillota	set_b_cont60	13	4304838	60.0
genome_77	100.0	0.0	RS_GCF_001676825.1	Pseudomonadota	set_b_cont0	3	5495471	0.0
genome_770	100.0	60.0	RS_GCF_001025195.1	Actinomycetota	set_b_cont60	35	3327240	60.0
genome_771	100.0	60.0	RS_GCF_000959505.1	Pseudomonadota	set_b_cont60	62	10254552	60.0
genome_772	100.0	59.99996504914091	RS_GCF_016903035.1	Chlamydiota	set_b_cont60	10	1831142	60.0
genome_773	100.0	60.0	RS_GCF_018866305.1	Actinomycetota	set_b_cont60	20	6262824	60.0
genome_774	100.0	60.0	GB_GCA_963665885.1	Bacteroidota	set_b_cont60	66	6479024	60.0
genome_775	100.0	59.9999932800486	RS_GCF_000021185.1	Bacillota	set_b_cont60	8	4761939	60.0
genome_776	100.0	59.99999675467027	RS_GCF_003173755.1	Pseudomonadota	set_b_cont60	153	9860323	60.0
genome_777	100.0	59.99999600108131	RS_GCF_040790885.1	Pseudomonadota	set_b_cont60	60	8002163	60.0
genome_778	100.0	59.999819745931894	RS_GCF_900699035.1	Pseudomonadota	set_b_cont60	5	710108	60.0
genome_779	100.0	47.24704784256357	RS_GCF_001650215.1	Actinomycetota	set_b_cont60	190	16406671	60.0
genome_78	100.0	0.0	RS_GCF_024498335.1	Halobacteriota	set_b_cont0	2	2853958	0.0
genome_780	100.0	59.99998092398494	RS_GCF_001565875.1	Bacillota	set_b_cont60	180	6709996	60.0
genome_781	100.0	59.99997864910009	RS_GCF_000626615.2	Bacillota	set_b_cont60	31	4496297	60.0
genome_782	100.0	59.99998840244894	RS_GCF_009914355.1	Methanobacteriota	set_b_cont60	6	2759203	60.0
genome_783	100.0	59.99999252834187	RS_GCF_030518715.1	Cyanobacteriota	set_b_cont60	19	4282851	60.0
genome_784	100.0	59.99997232028338	RS_GCF_040931885.1	Bacillota	set_b_cont60	324	4624324	60.0
genome_785	100.0	59.99997045908066	RS_GCF_025665255.1	Bacillota	set_b_cont60	20	3249729	60.0
genome_786	100.0	59.99997208022886	RS_GCF_014304775.1	Bacillota	set_b_cont60	7	4584564	60.0
genome_787	100.0	59.999995283371504	GB_GCA_024397275.1	Bacillota	set_b_cont60	2	6784507	60.0
genome_788	100.0	56.50798536648952	RS_GCF_002859425.1	Pseudomonadota	set_b_cont60	3	3854114	60.0
genome_789	100.0	60.0	RS_GCF_002209045.1	Campylobacterota	set_b_cont60	64	2713808	60.0
genome_79	100.0	0.0	RS_GCF_026967595.1	Bacillota	set_b_cont0	2	4404030	0.0
genome_790	100.0	44.6321906255011	GB_GCA_013403585.1	Pseudomonadota	set_b_cont60	28	10354583	60.0
genome_791	100.0	56.83918184877767	RS_GCF_001605195.1	Pseudomonadota	set_b_cont60	85	6435659	60.0
genome_792	100.0	59.99999382707539	RS_GCF_038443385.1	Planctomycetota	set_b_cont60	159	15551785	60.0
genome_793	100.0	60.0	RS_GCF_021441925.1	Pseudomonadota	set_b_cont60	7	3922640	60.0
genome_794	100.0	59.999983746933246	RS_GCF_024584515.1	Actinomycetota	set_b_cont60	119	5906577	60.0
genome_795	100.0	59.99999201326437	GB_GCA_009762495.1	Pseudomonadota	set_b_cont60	12	8013286	60.0
genome_796	100.0	60.0	RS_GCF_006094335.1	Bacillota	set_b_cont60	18	6782728	60.0
genome_797	100.0	59.99999673598456	GB_GCA_009738575.1	Bacillota	set_b_cont60	253	9803875	60.0
genome_798	100.0	59.999986338979774	RS_GCF_041222745.1	Bacillota	set_b_cont60	39	4684862	60.0
genome_799	100.0	54.92830674052125	RS_GCF_001548675.1	Methanobacteriota	set_b_cont60	23	3521979	60.0
genome_8	100.0	0.0	RS_GCF_022068525.1	Bacillota	set_b_cont0	1	2000117	0.0
genome_80	100.0	0.0	RS_GCF_040931975.1	Bacillota	set_b_cont0	3	2868358	0.0
genome_800	100.0	79.99998024455269	RS_GCF_002103235.2	Bacillota	set_b_cont80	25	5466846	80.0
genome_801	100.0	79.99999376146623	RS_GCF_018409365.1	Pseudomonadota	set_b_cont80	131	11541173	80.0
genome_802	100.0	69.86244188791864	GB_GCA_025998875.1	Bacteroidota_A	set_b_cont80	44	4000145	80.0
genome_803	100.0	79.99998023850152	RS_GCF_028634015.1	Pseudomonadota	set_b_cont80	193	7286896	80.0
genome_804	100.0	80.0	RS_GCF_022922655.1	Campylobacterota	set_b_cont80	37	2910681	80.0
genome_805	100.0	73.27728995419739	RS_GCF_022430525.1	Fusobacteriota	set_b_cont80	240	5152246	80.0
genome_806	100.0	79.99998593929713	RS_GCF_010231195.1	Verrucomicrobiota	set_b_cont80	115	5120654	80.0
genome_807	100.0	79.99999099858273	GB_GCA_000597885.1	Bacteroidota	set_b_cont80	82	11998110	80.0
genome_808	100.0	69.46139130178916	RS_GCF_022385175.1	Bacillota	set_b_cont80	53	7141364	80.0
genome_809	100.0	79.99998268816451	RS_GCF_003076455.1	Bacteroidota	set_b_cont80	16	8318008	80.0
genome_81	100.0	0.0	RS_GCF_003122385.1	Bacteroidota	set_b_cont0	1	5877431	0.0
genome_810	100.0	79.99999635537233	RS_GCF_025917765.1	Pseudomonadota	set_b_cont80	54	9877552	80.0
genome_811	100.0	78.29119067699149	GB_GCA_009661105.2	Pseudomonadota	set_b_cont80	12	10464534	80.0
genome_812	100.0	76.72426903533177	RS_GCF_022811005.1	Pseudomonadota	set_b_cont80	29	11724989	80.0
genome_813	100.0	79.99997855225583	RS_GCF_000056065.1	Bacillota	set_b_cont80	80	3356996	80.0
genome_814	100.0	80.0	RS_GCF_000785005.1	Pseudomonadota	set_b_cont80	40	9852444	80.0
genome_815	100.0	80.0	RS_GCF_007290395.2	Pseudomonadota	set_b_cont80	91	13088187	80.0
genome_816	100.0	74.02982398719149	RS_GCF_014218035.1	Bacillota	set_b_cont80	50	3339152	80.0
genome_817	100.0	79.99999571563283	RS_GCF_030166515.1	Pseudomonadota	set_b_cont80	123	8402641	80.0
genome_818	100.0	79.9999678668746	RS_GCF_003173695.1	Bacillota	set_b_cont80	41	3361017	80.0
genome_819	100.0	77.7460435612803	RS_GCF_019263805.1	Bacteroidota	set_b_cont80	56	7249671	80.0
genome_82	100.0	0.0	RS_GCF_012151035.1	Bacteroidota	set_b_cont0	5	6283774	0.0
genome_820	100.0	79.99998796189216	RS_GCF_015074805.1	Pseudomonadota	set_b_cont80	30	8971509	80.0
genome_821	100.0	17.903606404821343	RS_GCF_039555245.1	Pseudomonadota	set_b_cont80	2	2554226	80.0
genome_822	100.0	62.55743329334767	RS_GCF_000226275.2	Pseudomonadota	set_b_cont80	17	6538507	80.0
genome_823	100.0	78.70222000387936	RS_GCF_001278015.1	Bacillota	set_b_cont80	199	5785756	80.0
genome_824	100.0	72.5301935342067	RS_GCF_000568795.1	Spirochaetota	set_b_cont80	46	2276372	80.0
genome_825	100.0	79.99997876637599	RS_GCF_009739885.1	Bacillota	set_b_cont80	48	5086272	80.0
genome_826	100.0	79.99997921010167	RS_GCF_000772025.1	Bacillota	set_b_cont80	17	5194830	80.0
genome_827	100.0	65.28111269484032	RS_GCF_900324345.1	Bacillota	set_b_cont80	163	4830800	80.0
genome_828	100.0	80.0	RS_GCF_015678935.1	Actinomycetota	set_b_cont80	338	11253177	80.0
genome_829	100.0	79.99997747833979	RS_GCF_000020225.1	Verrucomicrobiota	set_b_cont80	61	4795383	80.0
genome_83	100.0	0.0	RS_GCF_001580475.1	Bacteroidota	set_b_cont0	1	3261404	0.0
genome_830	100.0	80.0	RS_GCF_023896075.1	Pseudomonadota	set_b_cont80	395	10490778	80.0
genome_831	100.0	79.99998111801493	RS_GCF_028335185.1	Bacillota	set_b_cont80	129	5719737	80.0
genome_832	100.0	79.99996792579311	RS_GCF_008728435.1	Actinomycetota	set_b_cont80	18	4489588	80.0
genome_833	100.0	79.99998011218057	RS_GCF_006459125.1	Campylobacterota	set_b_cont80	99	5430459	80.0
genome_834	100.0	79.9999842822314	GB_GCA_006402875.1	Pseudomonadota	set_b_cont80	76	9161605	80.0
genome_835	100.0	79.99998417876728	GB_GCA_003932755.1	Pseudomonadota	set_b_cont80	127	9101692	80.0
genome_836	100.0	79.99998605828752	RS_GCF_031582925.1	Bacillota	set_b_cont80	797	5164358	80.0
genome_837	100.0	79.99999613567938	RS_GCF_030144585.1	Pseudomonadota	set_b_cont80	4	9315997	80.0
genome_838	100.0	79.99997935891899	GB_GCA_001560915.1	Thermoplasmatota	set_b_cont80	128	3488189	80.0
genome_839	100.0	80.0	RS_GCF_041861015.1	Pseudomonadota	set_b_cont80	77	9807309	80.0
genome_84	100.0	0.0	RS_GCF_004332015.1	Bacillota	set_b_cont0	4	3151142	0.0
genome_840	100.0	70.73792311565171	RS_GCF_002953415.1	Deinococcota	set_b_cont80	44	6090611	80.0
genome_841	100.0	79.9999765935136	RS_GCF_025232235.1	Campylobacterota	set_b_cont80	13	3076070	80.0
genome_842	100.0	80.0	GB_GCA_003355195.1	Pseudomonadota	set_b_cont80	10	3644874	80.0
genome_843	100.0	78.0294299064631	GB_GCA_000063505.1	Cyanobacteriota	set_b_cont80	24	4213921	80.0
genome_844	100.0	79.99998172295844	RS_GCF_030845215.1	Bacillota	set_b_cont80	9	3939368	80.0
genome_845	100.0	79.99999340143928	RS_GCF_030168165.1	Bacillota	set_b_cont80	15	5455735	80.0
genome_846	100.0	79.9999918701963	RS_GCF_037911885.1	Fusobacteriota	set_b_cont80	261	4428151	80.0
genome_847	100.0	79.99998817634275	RS_GCF_037694895.1	Campylobacterota	set_b_cont80	81	3044743	80.0
genome_848	100.0	79.99999548135845	RS_GCF_001938725.1	Actinomycetota	set_b_cont80	110	7966996	80.0
genome_849	100.0	79.99999061353017	RS_GCF_038627335.1	Pseudomonadota	set_b_cont80	46	7670615	80.0
genome_85	100.0	0.0	RS_GCF_900105785.1	Actinomycetota	set_b_cont0	1	4405285	0.0
genome_850	100.0	56.83420096103774	RS_GCF_000298475.2	Chlamydiota	set_b_cont80	5	1800993	80.0
genome_851	100.0	80.0	RS_GCF_007035805.1	Pseudomonadota	set_b_cont80	6	8582985	80.0
genome_852	100.0	80.0	RS_GCF_009800165.1	Pseudomonadota	set_b_cont80	244	11275830	80.0
genome_853	100.0	79.99996753017462	RS_GCF_026723845.1	Pseudomonadota	set_b_cont80	8	4434886	80.0
genome_854	100.0	79.99999705736477	RS_GCF_015601545.1	Actinomycetota	set_b_cont80	135	12233932	80.0
genome_855	100.0	80.0	RS_GCF_030316605.1	Bacillota	set_b_cont80	158	4016565	80.0
genome_856	100.0	79.9999955595559	GB_GCA_019670065.1	Pseudomonadota	set_b_cont80	57	8107297	80.0
genome_857	100.0	79.99998341912554	RS_GCF_040544505.1	Pseudomonadota	set_b_cont80	181	8684704	80.0
genome_858	100.0	79.99998910180135	RS_GCF_022221225.1	Bacillota	set_b_cont80	170	9909894	80.0
genome_859	100.0	79.99999721445131	RS_GCF_002910725.2	Actinomycetota	set_b_cont80	35	12923845	80.0
genome_86	100.0	0.0	RS_GCF_026625765.1	Actinomycetota	set_b_cont0	1	3712562	0.0
genome_860	100.0	79.99998558462715	RS_GCF_017742995.1	Pseudomonadota	set_b_cont80	128	9989335	80.0
genome_861	100.0	71.49994834366957	RS_GCF_016906225.1	Actinomycetota	set_b_cont80	236	13811275	80.0
genome_862	100.0	72.33813451912955	RS_GCF_034642355.1	Bacillota	set_b_cont80	86	5134408	80.0
genome_863	100.0	79.99998880886606	RS_GCF_000463015.1	Pseudomonadota	set_b_cont80	154	12867328	80.0
genome_864	100.0	78.22235893312705	RS_GCF_005217155.2	Pseudomonadota	set_b_cont80	108	8777870	80.0
genome_865	100.0	80.0	RS_GCF_001664525.1	Pseudomonadota	set_b_cont80	266	11662209	80.0
genome_866	100.0	69.7846832590035	RS_GCF_002208805.2	Bacillota	set_b_cont80	58	4248624	80.0
genome_867	100.0	61.88554174970562	RS_GCF_000307795.1	Campylobacterota	set_b_cont80	3	2700076	80.0
genome_868	100.0	79.99998586528153	GB_GCA_963681965.1	Electryoneota	set_b_cont80	21	7640760	80.0
genome_869	100.0	80.0	GB_GCA_963665885.1	Bacteroidota	set_b_cont80	35	7288902	80.0
genome_87	100.0	0.0	RS_GCF_041514265.1	Bacillota	set_b_cont0	1	1796844	0.0
genome_870	100.0	79.99999077722195	RS_GCF_041514365.1	Bacillota	set_b_cont80	4	3903379	80.0
genome_871	100.0	79.99998946898128	GB_GCA_963669335.1	Pseudomonadota	set_b_cont80	125	13673890	80.0
genome_872	100.0	79.99998905586199	RS_GCF_025914135.1	Bacteroidota	set_b_cont80	177	9868296	80.0
genome_873	100.0	79.99999545426031	RS_GCF_000445695.1	Actinomycetota	set_b_cont80	456	7919503	80.0
genome_874	100.0	79.9999900729588	RS_GCF_010728155.1	Actinomycetota	set_b_cont80	118	7252916	80.0
genome_875	100.0	79.99997916555984	GB_GCA_018141785.1	Cyanobacteriota	set_b_cont80	153	6911632	80.0
genome_876	100.0	80.0	RS_GCF_025144995.1	Bacteroidota	set_b_cont80	81	5143401	80.0
genome_877	100.0	79.99999197128611	RS_GCF_004136395.1	Pseudomonadota	set_b_cont80	11	8967812	80.0
genome_878	100.0	79.99997310661612	GB_GCA_031954205.1	Campylobacterota	set_b_cont80	27	4015857	80.0
genome_879	100.0	79.99998865025418	RS_GCF_007904085.1	Cyanobacteriota	set_b_cont80	469	6343754	80.0
genome_88	100.0	0.0	RS_GCF_036418055.1	Pseudomonadota	set_b_cont0	1	6544202	0.0
genome_880	100.0	76.14159246392403	RS_GCF_900489825.1	Bacillota	set_b_cont80	22	1912482	80.0
genome_881	100.0	79.9999953485738	RS_GCF_018604545.1	Actinomycetota	set_b_cont80	167	15479123	80.0
genome_882	100.0	79.99999165507592	RS_GCF_001173525.2	Pseudomonadota	set_b_cont80	9	8627999	80.0
genome_883	100.0	64.33092991603526	RS_GCF_040790655.1	Pseudomonadota	set_b_cont80	26	5818388	80.0
genome_884	100.0	79.99997698544415	RS_GCF_900104765.1	Bacteroidota	set_b_cont80	143	6256909	80.0
genome_885	100.0	69.0391273452461	RS_GCF_932527465.1	Actinomycetota	set_b_cont80	207	7486224	80.0
genome_886	100.0	49.477379865475214	RS_GCF_030037445.1	Pseudomonadota	set_b_cont80	14	7901174	80.0
genome_887	100.0	76.55452396055591	RS_GCF_014279955.1	Cyanobacteriota	set_b_cont80	84	4592448	80.0
genome_888	100.0	79.99555444888371	RS_GCF_001191005.1	Pseudomonadota	set_b_cont80	286	11450266	80.0
genome_889	100.0	79.99999358747043	RS_GCF_020882115.1	Bacillota	set_b_cont80	62	5614009	80.0
genome_89	100.0	0.0	RS_GCF_003990725.2	Halobacteriota	set_b_cont0	2	3044466	0.0
genome_890	100.0	72.98288559305863	RS_GCF_002356095.1	Pseudomonadota	set_b_cont80	13	12917817	80.0
genome_891	100.0	79.99998195275411	RS_GCF_000018905.1	Pseudomonadota	set_b_cont80	61	5984292	80.0
genome_892	100.0	79.39441202426744	RS_GCF_030121995.1	Pseudomonadota	set_b_cont80	88	12056397	80.0
genome_893	100.0	79.99997699341954	RS_GCF_002238335.1	Campylobacterota	set_b_cont80	21	3129539	80.0
genome_894	100.0	79.99998730256682	RS_GCF_000292795.1	Pseudomonadota	set_b_cont80	41	11340874	80.0
genome_895	100.0	79.99998886937318	RS_GCF_041514265.1	Bacillota	set_b_cont80	25	3234319	80.0
genome_896	100.0	79.99999122856646	RS_GCF_030721705.1	Bacillota	set_b_cont80	16	4104232	80.0
genome_897	100.0	76.99251854841214	RS_GCF_014844395.1	Bacteroidota	set_b_cont80	5	5701460	80.0
genome_898	100.0	79.99998088619257	RS_GCF_000318905.1	Chlamydiota	set_b_cont80	41	1883455	80.0
genome_899	100.0	79.99997969149348	RS_GCF_024722295.1	Spirochaetota	set_b_cont80	170	7090624	80.0
genome_9	100.0	0.0	RS_GCF_016452125.1	Pseudomonadota	set_b_cont0	10	5479495	0.0
genome_90	100.0	0.0	RS_GCF_900497475.1	Pseudomonadota	set_b_cont0	2	5387277	0.0
genome_900	100.0	79.99999750846003	GB_GCA_002848525.1	Actinomycetota	set_b_cont80	25	14448895	80.0
genome_901	100.0	79.99998889469244	RS_GCF_017570645.1	Pseudomonadota	set_b_cont80	38	9725079	80.0
genome_902	100.0	79.99998887275594	RS_GCF_035917375.1	Actinomycetota	set_b_cont80	159	12941209	80.0
genome_903	100.0	73.07654727105437	RS_GCF_040581375.1	Pseudomonadota	set_b_cont80	99	5951694	80.0
genome_904	100.0	79.99966399095113	RS_GCF_041861315.1	Pseudomonadota	set_b_cont80	415	9856859	80.0
genome_905	100.0	79.99999002805772	RS_GCF_030490165.1	Pseudomonadota	set_b_cont80	164	10830387	80.0
genome_906	100.0	79.99999091322745	RS_GCF_011299335.1	Bacteroidota	set_b_cont80	18	7923605	80.0
genome_907	100.0	72.33218250294665	RS_GCF_016454325.1	Pseudomonadota	set_b_cont80	68	8503573	80.0
genome_908	100.0	79.99998864364848	RS_GCF_910664815.1	Pseudomonadota	set_b_cont80	89	9510096	80.0
genome_909	100.0	79.99667162897629	RS_GCF_011065385.1	Pseudomonadota	set_b_cont80	527	9918182	80.0
genome_91	100.0	0.0	RS_GCF_900639355.1	Bacillota	set_b_cont0	9	3149303	0.0
genome_910	100.0	79.99998194255656	RS_GCF_900635765.1	Bacillota	set_b_cont80	35	7974550	80.0
genome_911	100.0	79.99997270862775	RS_GCF_008330825.1	Pseudomonadota	set_b_cont80	12	3957294	80.0
genome_912	100.0	79.99997275243956	RS_GCF_007475525.1	Verrucomicrobiota	set_b_cont80	56	3963657	80.0
genome_913	100.0	79.99999067961454	RS_GCF_011694695.1	Bacillota	set_b_cont80	124	3862501	80.0
genome_914	100.0	79.99999178937783	RS_GCF_014279875.1	Cyanobacteriota	set_b_cont80	37	4384564	80.0
genome_915	100.0	79.99997614173716	RS_GCF_027474965.1	Bacillota	set_b_cont80	148	3017822	80.0
genome_916	100.0	78.9361684534519	RS_GCF_024800105.1	Bacillota	set_b_cont80	9	3678797	80.0
genome_917	100.0	79.99999030831198	RS_GCF_016697045.1	Bacillota	set_b_cont80	41	3714523	80.0
genome_918	100.0	79.99999303401421	RS_GCF_900324335.1	Bacillota	set_b_cont80	212	5167969	80.0
genome_919	100.0	79.9999964552011	RS_GCF_013426135.1	Pseudomonadota	set_b_cont80	69	10155724	80.0
genome_92	100.0	0.0	RS_GCF_011299335.1	Bacteroidota	set_b_cont0	1	4402003	0.0
genome_920	100.0	79.99999068981056	RS_GCF_037889195.1	Fusobacteriota	set_b_cont80	45	3866731	80.0
genome_921	100.0	80.0	RS_GCF_014055005.1	Pseudomonadota	set_b_cont80	5	4960674	80.0
genome_922	100.0	79.9999775994821	RS_GCF_002214485.1	Methanobacteriota_B	set_b_cont80	7	3214211	80.0
genome_923	100.0	79.99999304417747	RS_GCF_001975025.1	Actinomycetota	set_b_cont80	245	15526560	80.0
genome_924	100.0	73.67216536214637	RS_GCF_003028755.1	Pseudomonadota	set_b_cont80	86	8179794	80.0
genome_925	100.0	79.99997913077596	RS_GCF_034647275.2	Bacillota	set_b_cont80	8	1725028	80.0
genome_926	100.0	67.40657920757681	RS_GCF_019139835.1	Pseudomonadota	set_b_cont80	257	10022806	80.0
genome_927	100.0	80.0	RS_GCF_009867075.1	Actinomycetota	set_b_cont80	622	15223140	80.0
genome_928	100.0	79.99999026866513	RS_GCF_001987215.1	Pseudomonadota	set_b_cont80	261	7398779	80.0
genome_929	100.0	79.99999681451004	RS_GCF_036236995.1	Pseudomonadota	set_b_cont80	45	11301244	80.0
genome_93	100.0	0.0	RS_GCF_012317045.1	Actinomycetota	set_b_cont0	1	4091164	0.0
genome_930	100.0	79.99999246727455	RS_GCF_001901065.1	Pseudomonadota	set_b_cont80	285	9558293	80.0
genome_931	100.0	79.99998537501033	RS_GCF_001985985.1	Pseudomonadota	set_b_cont80	125	7384620	80.0
genome_932	100.0	79.99999289938896	RS_GCF_963920465.1	Cyanobacteriota	set_b_cont80	130	5069986	80.0
genome_933	100.0	79.99997213850229	RS_GCF_024363365.1	Bacillota	set_b_cont80	81	5168422	80.0
genome_934	100.0	63.69082084916884	RS_GCF_001941545.1	Spirochaetota	set_b_cont80	18	1865820	80.0
genome_935	100.0	79.99999508434526	RS_GCF_004210215.2	Actinomycetota	set_b_cont80	248	7323541	80.0
genome_936	100.0	73.55279624666997	RS_GCF_000018465.1	Thermoproteota	set_b_cont80	53	2855393	80.0
genome_937	100.0	77.6387624646326	RS_GCF_000190635.1	Bacillota	set_b_cont80	42	6051689	80.0
genome_938	100.0	79.99998763011763	RS_GCF_000292915.1	Pseudomonadota	set_b_cont80	193	11641177	80.0
genome_939	100.0	79.99999137870276	RS_GCF_002899535.1	Pseudomonadota	set_b_cont80	277	8351411	80.0
genome_94	100.0	0.0	RS_GCF_022869945.1	Pseudomonadota	set_b_cont0	2	5656692	0.0
genome_940	100.0	79.99991216570818	RS_GCF_900128595.1	Pseudomonadota	set_b_cont80	4	819725	80.0
genome_941	100.0	79.9999919887891	GB_GCA_040583595.1	Pseudomonadota	set_b_cont80	177	8987405	80.0
genome_942	100.0	76.30079188491237	RS_GCF_023169625.1	Pseudomonadota	set_b_cont80	315	9411645	80.0
genome_943	100.0	79.99999564578363	RS_GCF_017948265.1	Pseudomonadota	set_b_cont80	353	8267848	80.0
genome_944	100.0	73.50163584949088	RS_GCF_000756525.1	Actinomycetota	set_b_cont80	30	7598289	80.0
genome_945	100.0	55.3094005425292	RS_GCF_017183815.1	Actinomycetota	set_b_cont80	91	7662854	80.0
genome_946	100.0	79.99999542585988	RS_GCF_041435495.1	Actinomycetota	set_b_cont80	132	15740663	80.0
genome_947	100.0	79.9999798647718	RS_GCF_001583825.1	Bacillota	set_b_cont80	17	3575822	80.0
genome_948	100.0	79.99998936289408	RS_GCF_904830945.1	Cyanobacteriota	set_b_cont80	413	10153137	80.0
genome_949	100.0	79.999985269104	RS_GCF_037929465.1	Bacillota	set_b_cont80	38	7331529	80.0
genome_95	100.0	0.0	RS_GCF_029537135.1	Bacillota	set_b_cont0	1	4044377	0.0
genome_950	100.0	79.99998784334201	RS_GCF_002142635.1	Pseudomonadota	set_b_cont80	52	8884020	80.0
genome_951	100.0	79.99999471734354	RS_GCF_024722315.1	Bacteroidota	set_b_cont80	32	6814753	80.0
genome_952	100.0	79.99997167886953	RS_GCF_020990505.1	Pseudomonadota	set_b_cont80	86	5084542	80.0
genome_953	100.0	79.99691970110717	RS_GCF_001019495.2	Bacillota	set_b_cont80	496	5200705	80.0
genome_954	100.0	79.99999642143602	RS_GCF_003433275.1	Pseudomonadota	set_b_cont80	657	10059901	80.0
genome_955	100.0	79.99998250685896	RS_GCF_000147835.2	Pseudomonadota	set_b_cont80	15	8231797	80.0
genome_956	100.0	79.99998507146847	RS_GCF_021166075.1	Pseudomonadota	set_b_cont80	108	9645958	80.0
genome_957	100.0	79.99999540010887	RS_GCF_001633165.1	Pseudomonadota	set_b_cont80	97	7826272	80.0
genome_958	100.0	78.6067968541684	RS_GCF_000318925.1	Chlamydiota	set_b_cont80	30	1868829	80.0
genome_959	100.0	80.0	GB_GCA_016766715.1	Verrucomicrobiota	set_b_cont80	16	1652121	80.0
genome_96	100.0	0.0	RS_GCF_000340565.2	Cyanobacteriota	set_b_cont0	1	5462271	0.0
genome_960	100.0	79.99999563087347	RS_GCF_025148285.1	Bacillota	set_b_cont80	6	8239633	80.0
genome_961	100.0	79.99999373445655	RS_GCF_019968725.1	Pseudomonadota	set_b_cont80	106	11491421	80.0
genome_962	100.0	79.99999190153564	RS_GCF_014826015.1	Pseudomonadota	set_b_cont80	223	8890574	80.0
genome_963	100.0	73.42095071346702	RS_GCF_003815815.1	Actinomycetota	set_b_cont80	35	8391434	80.0
genome_964	100.0	79.99998239686876	RS_GCF_002899495.1	Pseudomonadota	set_b_cont80	11	8180362	80.0
genome_965	100.0	57.71846979007882	RS_GCF_002935055.1	Pseudomonadota	set_b_cont80	118	8498808	80.0
genome_966	100.0	79.99998397802105	RS_GCF_016454585.1	Pseudomonadota	set_b_cont80	3	8987653	80.0
genome_967	100.0	79.9999848733121	RS_GCF_013341395.1	Bacillota	set_b_cont80	34	4759799	80.0
genome_968	100.0	79.99997867574227	RS_GCF_040235215.1	Bacillota	set_b_cont80	75	5064654	80.0
genome_969	100.0	58.39330999870898	RS_GCF_040735115.1	Actinomycetota	set_b_cont80	46	7017793	80.0
genome_97	100.0	0.0	GB_GCA_005518075.1	Pseudomonadota	set_b_cont0	2	3231476	0.0
genome_970	100.0	79.99999550997582	RS_GCF_032452555.1	Bacteroidota	set_b_cont80	54	8017774	80.0
genome_971	100.0	79.99995335388483	RS_GCF_013374175.1	Campylobacterota	set_b_cont80	6	3087073	80.0
genome_972	100.0	79.9999784050083	RS_GCF_025905525.1	Spirochaetota	set_b_cont80	22	5001159	80.0
genome_973	100.0	80.0	RS_GCF_017086505.1	Pseudomonadota	set_b_cont80	112	8969895	80.0
genome_974	100.0	79.99998318992589	RS_GCF_003864055.1	Pseudomonadota	set_b_cont80	98	8566291	80.0
genome_975	100.0	79.99998618497354	RS_GCF_030534135.1	Bacillota	set_b_cont80	104	5211716	80.0
genome_976	100.0	80.0	RS_GCF_022024095.1	Bacteroidota	set_b_cont80	49	6246387	80.0
genome_977	100.0	79.99999504384832	RS_GCF_035621735.1	Bacillota	set_b_cont80	373	7263700	80.0
genome_978	100.0	79.99999186082499	RS_GCF_002863865.1	Pseudomonadota	set_b_cont80	350	8846105	80.0
genome_979	100.0	78.87114788439874	RS_GCF_009709035.1	Pseudomonadota	set_b_cont80	101	6282765	80.0
genome_98	100.0	0.0	RS_GCF_027558275.1	Pseudomonadota	set_b_cont0	1	4062891	0.0
genome_980	100.0	71.73579882677235	RS_GCF_039697315.1	Pseudomonadota	set_b_cont80	385	11253026	80.0
genome_981	100.0	79.99999028761528	RS_GCF_037917855.1	Bacillota	set_b_cont80	6	7413215	80.0
genome_982	100.0	73.44138928046117	RS_GCF_946903285.1	Bacteroidota	set_b_cont80	174	9633854	80.0
genome_983	100.0	79.99999561046764	RS_GCF_009884095.1	Spirochaetota	set_b_cont80	265	8201329	80.0
genome_984	100.0	79.99999100826835	RS_GCF_024759765.1	Bacteroidota	set_b_cont80	584	12011034	80.0
genome_985	100.0	79.99996589883634	RS_GCF_011038885.2	Actinomycetota	set_b_cont80	5	4222729	80.0
genome_986	100.0	79.99998117463677	RS_GCF_009938095.1	Bacteroidota	set_b_cont80	88	7649254	80.0
genome_987	100.0	79.99999595039968	RS_GCF_900636705.1	Pseudomonadota	set_b_cont80	31	8889766	80.0
genome_988	100.0	79.99997884849068	RS_GCF_016803835.1	Bacillota	set_b_cont80	19	6808024	80.0
genome_989	100.0	79.6206385633722	RS_GCF_009762325.1	Pseudomonadota	set_b_cont80	28	7067659	80.0
genome_99	100.0	0.0	RS_GCF_000018425.1	Bacillota	set_b_cont0	1	2349476	0.0
genome_990	100.0	79.99997505007657	RS_GCF_033783015.1	Actinomycetota	set_b_cont80	33	4328670	80.0
genome_991	100.0	58.651033825845495	RS_GCF_024137905.1	Pseudomonadota	set_b_cont80	8	7761629	80.0
genome_992	100.0	79.99998853179665	RS_GCF_003410255.1	Bacillota	set_b_cont80	168	9417342	80.0
genome_993	100.0	79.9999817665937	RS_GCF_022870185.1	Actinomycetota	set_b_cont80	523	7897591	80.0
genome_994	100.0	75.48163146010826	RS_GCF_025560485.1	Pseudomonadota	set_b_cont80	47	10759207	80.0
genome_995	100.0	77.28993791748789	RS_GCF_036704625.1	Pseudomonadota	set_b_cont80	31	9564645	80.0
genome_996	100.0	79.99998437835926	RS_GCF_022453725.1	Spirochaetota	set_b_cont80	227	9217981	80.0
genome_997	100.0	79.99999480245293	GB_GCA_000020165.1	Bacillota	set_b_cont80	17	6926344	80.0
genome_998	100.0	79.99998932461652	RS_GCF_000317495.1	Cyanobacteriota	set_b_cont80	202	10116732	80.0
genome_999	100.0	79.99997609877897	RS_GCF_963556565.1	Actinomycetota	set_b_cont80	639	4518597	80.0
